SourceId,TargetId
310f8ee2-dc2f-497b-b7bf-be9d89967b02,12a1e996-2519-4fdc-849a-1fb83ef2494b
7a06c082-4c1c-4af7-9592-7bb7bb1cec6b,5a4d4dc0-53d7-4784-9da9-4c4d0dc98ff5
5a7ecbe0-f62c-4874-9b73-784e263e3124,9870d05e-72a0-48eb-b293-e42a392f19e7
d55fe885-5b30-4e94-880d-22709b5547bc,348b0aeb-fe95-4d25-a79e-552d6e40658c
87b3d56e-3b80-4178-bbaa-d33aed9833b2,7d89cb72-8716-4200-ad0a-98c73d1777f2
82f8786d-be89-46a0-a826-9a7a354f9cd9,fdefc4f5-391c-4be2-9147-6fda760b584c
604c91a6-28ec-46fb-8131-1d04da4dbfc0,896758c7-b9b8-4762-a3e3-46960029bca2
b93cda74-ff4c-42c7-bcde-5dd60bd5aa3c,78526d6a-d0bc-42d7-8b4f-5060c2207bdf
78772dff-9132-4256-894d-c6b163920ad7,e0af4423-fbe5-4621-b3ec-002537ae27ce
aa810715-d22a-40af-854c-55b23ae0d404,dd9e58d5-77b6-4ff6-848f-0d4bcd1c39af
0cda3d95-1b7c-402d-b60a-8ce7f7c4bc55,9b05a90d-94c3-4ed2-9d32-5aba40ce6365
35b73dae-dec6-4bde-81bc-876e9de4a18c,1cc17d69-071a-4b5a-8b73-3b7b859913b2
eef6a362-f202-4c54-9fe7-938585383e2a,b97f5494-b7ce-4c5c-9373-587a1e0c4ce2
e24cb682-a738-471b-841b-3f46e24f3584,dabd60c8-3dca-43d5-b7a2-de59af5a4848
16936e76-639e-468c-ae71-8b83b053b27b,6826c1d9-1685-463f-9374-58db55feadfd
7431ab7f-0481-40f3-88dd-f20b3fa58fb9,e9b40827-d25e-40b5-ad60-6c671ce1af93
e0eaf292-f91b-4940-9385-6ee119e4c6bf,541edf37-afef-4a3b-9c49-53d978eedab4
862aeebd-e0d8-4683-bd44-a931dc5b2f46,96fc66e3-3451-4647-b601-34aa9d7ab87c
045923d7-8fbf-4634-a37c-04f9172e9ac0,a489bc29-66b2-4491-9b34-9c73b82a19d2
e177dcb1-3b03-46f6-8b19-d760efc87bb2,851c0f01-32df-4327-bd9c-417919381c6f
34d343c8-ad3d-402f-a581-4f0e35c3bf26,45b160b3-a20c-4ae7-b85d-e0f0890ab1f1
e27410dd-ebaf-42ef-bf0a-bba65e26dad5,3127a9e1-f374-44ec-a48d-2e166780f865
53ef0e3e-6d89-4fdd-a41d-4f3d1165a2cf,7ff61fab-1ba3-4f7b-b4e6-9272418a1e4f
faabdcf7-253c-4e55-93ea-d9ddac4ff0c6,7df41da5-7e11-41c6-9e8f-cd7c7b2bf5c0
de50bf30-b774-401e-a12d-a12037ee534f,266a2745-5f59-44c7-9793-ffb1382f46e5
0151dfe5-0fa0-4c88-baae-cc962459809c,a573449c-b635-4543-9e9a-a48f58472301
86ce7536-336a-4eca-9779-44368239041f,c20b9b99-167e-4d42-9812-113c07ef350a
4d1fc8cf-572c-4044-96cd-446d0701a47b,293187a2-4364-4fec-b01f-c4bff58eaa33
91517e89-77ba-4122-9433-c2490c99c198,ba3d4540-7a54-4d25-9838-f297c603b119
8de5dc0d-1ae2-4bd7-8354-e765d5fe906d,de275318-2e16-404f-8a59-b8b38ce311cf
f8a88140-1d49-45ab-ba52-3896c5ded232,806da37c-3d93-4e21-89fc-57fa1e4387e9
9be69608-6136-43ab-b5ea-3493f1bb2b12,df5887e8-3e38-44c6-b0e2-671444439d0a
d7214c97-6ca2-4522-bf68-7f4fae645634,0546236f-c682-4e68-9684-7879e56d685d
edec6e82-59b6-47be-a0fc-6ce17d856d43,a3fa7826-cd8f-4b12-a039-acb25370a627
d0709909-8059-490b-887b-37acd620d914,880346ce-2ce6-44b2-97d6-a7afde3edf1c
610a7da1-670e-4412-bedf-6dc67ea104dd,c364a225-45ab-4242-b90e-5ae5a566f6d1
86b8f977-8b22-409a-8c73-a0ca753caf01,0b004799-6bb6-46df-85a1-702621990958
b874aa41-3844-4f3b-b6b9-8206626285ce,2e43fbf7-8ec8-4e15-9611-c855a2767a3b
4ba89221-016d-42f4-9c90-85c07f62f8c3,f4eebc02-4071-4783-85db-0cf8dcffd990
942bf347-6805-463e-9d18-a91126683ff7,7d548ae0-fc87-4d63-af50-4d759fabc1cb
5c037789-5463-452b-b39b-87714a6dfc79,7aecd338-fcc2-423f-a079-aa9f72bbe3dd
7d209c7a-9306-4cc5-9d1e-011648c4f780,ef170759-1e83-4414-9873-72aa004ab500
d81048fb-b3f6-4ace-be73-61c95e4bbb4d,7cd8f500-2926-4058-bb58-32e8887a11f4
327d1a15-d3eb-454e-826d-38697f5aa875,e42e59e8-e357-4c27-a30f-d521c93521f7
e20a4195-a94d-470e-b152-2490723799ba,298add62-15fe-440d-9205-e6d7d7a523e1
f65e8a9b-cfca-4ea7-94ef-86cf93d34f23,11e73909-2124-4e13-8cc0-3f6755fef9c9
82873d6d-1815-4e69-906a-f2e90070ea50,b0163b0d-3ab7-4b87-af40-6675c0ba096b
6ddea41d-7c60-4dd6-979d-ba8f7dfbaec6,86d533ab-78a9-4e51-8a16-4acff8a0dc28
dc43d359-4ac7-45f1-b769-97c00224ca87,0da344ba-d86c-4d9c-bb86-3ae8e945b0aa
7c9d17af-34b7-48f5-a7e0-8adfccc43690,e06e63b7-bb9b-4bd4-b8a2-6441e801b72a
c785b871-5cd0-4c9d-b9ed-4e6f801120ed,08a33a30-5f35-4ed1-b69a-a710b05b95bb
a1ada5fa-367e-4efb-bcab-8d04f44a841c,e8061f41-b8b2-4ba1-8bee-85e6e86df86f
003705d4-c8bf-49eb-919f-177673c82cda,d201d6dc-f4e1-40ed-9920-34b1b8b4b27c
009213ab-e41d-41a5-890f-a7da337dc6df,1144adb1-b96e-401d-a79f-dc982b6a2590
01dd675d-7d08-4486-b6e7-859f56c38151,dc1c0b4e-7c95-469f-8158-c92d7c1a115f
01f12044-fc93-489b-a101-384318cdeaa6,8c01f5fe-e31a-40d3-b8b2-c4a530d27bc5
0228090c-077b-4432-b28a-81e99bfe9ad0,bc93a6eb-bee1-4589-8d6a-208f3ae2b24d
02b73082-1220-4cd4-8f97-c0ad20324ec6,833c990f-90b6-4118-8c5e-91e8d4f06741
031156de-e866-4228-98ec-f5bc7e5f17ef,4cd8739b-0596-4c6c-8663-a6800e0171d7
0410a515-1bc4-4a6c-b667-eeeeb7a9e623,ef5ce122-e5bc-4e22-b788-a8859f3a17b9
041c6e1c-59f2-4e68-ab40-d1ecff13feeb,fbc6c38e-8b2c-43a1-828a-34ef5681e609
043f52cc-de60-400e-8162-763ea90abc4d,b56fdb62-0748-433b-b155-c6c85b56501d
04a8e967-0ebd-4946-90d6-f7f5d4d57329,be365f79-89a3-49a2-9a84-8c08dde4ca5c
04c669ea-dbab-49b9-ae47-05198610ec06,204c2d77-c337-4944-a4f1-ca27cbdae310
052352ae-d994-44c8-a9ae-70028d44abfb,890f22d2-b067-4d4f-9e1e-d1cbb38269f4
052b6d8d-af78-4423-8c96-5b0f08e52011,05438084-fc1c-4fb4-8980-48e66b4a56c5
05822dcc-a5fe-4144-b980-3c2a92c66e45,b16d1dc3-a363-412a-b076-6cc3a5800822
059a9f35-5663-4de0-84a9-2d84179f4900,a9710463-1d92-4d0e-8df3-cfa01fcfbb3e
05c832ab-33c2-4116-a35b-9a559c3f2329,f1830186-a41d-4d96-80d9-2a6fa5134ad0
05dc809c-97a5-4670-9363-8fe95516d208,beff2646-b9c2-4d28-9860-9d0834589def
06591f3a-46f7-4b23-835f-1799f5ead520,5f197f95-0af6-404e-b81f-32d6964bd25b
06e8a3bc-8317-46a5-bb3c-3883b0cfd0b6,86679fdb-1a2e-4dc2-81f7-231a07b734b0
06f0e1d1-52b9-4ccf-bbad-4ebae1b5dce6,48066cf6-cc09-47dd-aadd-629f6c0d0061
07d59b48-a311-4a63-a2c2-dc44e1a5802e,debb253d-2650-4dcb-8acc-224525f53e8e
0801bff2-6e83-4f3c-ba25-7d66d4d0a626,b75b2438-0e06-4111-9099-f0b5f29ddfd1
08144a61-ab7e-41d3-80d5-0843255608b6,3de46b13-1aa3-49ba-a0f2-d562af28f560
081e8720-221c-419d-a89e-61db308d1ddc,e6bdce3e-ed9a-459a-a939-f8b11feafe7c
083680af-1cc7-4f0c-a2d9-d27e72d05e83,e31d016e-d47f-44c1-ade1-ca16c2112982
084bdb0d-38ef-4466-bebc-c8c50ac2ed48,2cce8697-b8b7-4f04-b78e-23bddec0f2a4
08c8fb8e-4ff4-4393-a6fc-f5ce741684a0,65ce97fc-4a17-4d60-ac48-4c08ecf2bad8
092796b5-5fb3-4e32-8a8f-37888ffe2637,d5bd7c29-f42f-4ae0-81be-157f630744a3
092fbc24-8376-4a6c-95dd-1830e2fde81a,7f692836-7853-4625-bddd-ea8de81e70c3
093ddc3e-f196-4644-8eff-de1a6cce2899,6c087861-812d-41a4-ab11-45892cefc8ce
0964b4cb-c483-408e-aa0a-760a9f5adcd3,5d452690-4a64-468f-8a96-27694041572e
09902888-f1dd-4ac9-bc9c-6c3f41fb7d3c,15a4572d-b54c-4627-8c0f-891fa15e9075
09b1301b-02a6-464a-8f03-486f2456dc89,693c9749-a94c-49a2-aec3-4199122d6a3c
0a2b9058-4d3e-4dad-8a33-881ea04df52e,7b86af0d-6d4c-4b68-965d-10848faa29dd
0aaf93de-8eea-492d-ab38-e9485bbb7561,1fee8118-eb86-41c6-ba6f-1fd41c2375db
0ad3dee2-b857-4e71-8cbf-30385c34e860,3e83624d-69c5-458e-8cd9-9fea3897f48b
0bde81aa-98f5-463a-84dc-0587d243f4d6,f3bb209b-91a1-4f3a-8f86-b56afffe9c82
0c09a8fc-98de-48ff-936b-cb4abedc5a62,20f7674f-0ee9-4419-b8e9-e7b42b19aef6
0ca35496-6c95-4d4a-94fd-c09b203d6395,6176cba3-9908-45e0-b873-5cdf22c28baf
0cc7cd2e-4fba-42d7-a62c-2c986a2d6af3,437cbc22-9326-4938-babb-6184209445d6
0da81c7b-2893-4a37-a04f-7793bddb7a9c,eef6c2cb-3297-4a26-9fb8-7c991938be83
0da87e36-2c72-4cc6-90b9-2738b3067604,b0ccebbc-7783-43ea-add9-24492abfcef8
0def48f3-68ee-44da-966b-f7bce4c460f9,c88d614c-7ca3-490c-b672-522a99bbb9d0
0ef7b086-6dc8-4f13-be69-690610a4b9a9,d6b238c7-418d-4ed1-9b4e-a76b3b198d52
0f2b4069-a00d-41b6-951e-ce9808a10e0e,504e0561-bfba-4c5a-bb77-31212d5a6b44
0f4c4f97-66eb-4644-bc6f-9551cf54e2f4,6e157ad9-90eb-4a42-aa34-0da953caf1ef
0f4f4111-5533-4a7e-b52a-4fc9d03d1871,6b9a54ce-7d07-4664-aeb4-85009c64ea93
0f5957ad-4da4-4a70-bb35-a16d15d52844,56718d7c-a4b8-431c-a1fe-5412680c192e
0fbbae1a-f5f8-47c6-b081-cea9d7947592,e39c6cc6-56c5-4fe0-81b0-7edc598a4795
0fc95fea-2513-4d03-8884-34e46da265a7,afb166d4-9693-476c-95e0-76975911acf2
0fd12143-5717-4b21-b377-0cba72e70b3c,3440f9dd-c06b-42d8-a2d8-722c5b67f8cf
1042f5d9-b0aa-48be-ad36-16ac5886e287,b5a25b66-55a0-4ee6-b214-ba5a29a00709
104527ee-4096-4874-8e44-7e2c747d499e,73b7f11d-1031-414b-aa8b-79f3157bd182
10e3408d-9218-446f-a545-bfe453a187a8,7114b88f-916b-44c6-8f6b-3193c4988167
115b1a75-cc7e-4cb1-8660-97c9cfb270e8,2ed34380-1004-4398-a259-e10853d1a600
116f67ef-9b38-43f7-9436-2a440a4580a6,3c7cfa81-e9fe-436e-ab89-243189e1fd16
11dd732f-25f2-4073-8da5-678290c9b9ae,cf03a8bb-76b1-4715-bbfb-023f603282c0
11f930f6-cb18-4c96-835b-a963ac57b78c,3c8b4d0b-d27d-4888-88be-d9c0a74f80d2
12023e9e-180b-4041-8da0-2a1d3b9bd677,e04f2fee-c0e8-44e5-859c-68650215c7d0
1220305e-579a-4cc4-800b-d8e75609cb06,4b4e21a6-3fe7-49fc-b841-6041b9c1fae5
125cc571-5512-4c67-be25-94be65198d76,54477b79-33dc-4473-b06c-82edece79661
12e7d379-3072-468a-a5d9-d5a6f13959a8,58c7c120-0aff-45d0-a355-309e5c387d80
1381bc3c-2c71-4fc0-b42c-af330990bbd0,957a83ba-019e-4a30-b658-90186cf35868
13ac71c4-82b8-47c0-9d92-0bddac97a0c5,e3395174-c95f-4484-986e-6952fdb348ea
1440c44b-8d79-4f1d-b8b2-3cb66cc224d7,c220cd4c-51b5-44ea-96e8-a0fae5b79be5
14b1ffcd-724d-4bb6-89f8-fb364ab790a0,bb19475a-643f-418d-b7d3-130a8bde2330
14b9800a-27c6-4352-9c0c-66544c7e3483,ec1d0076-6ea5-4cce-8ec6-eea0f8a20e04
14f63fdb-ea6b-4813-a3a0-941cc53e593a,e4ae985d-92f2-4ea7-b742-bfd679ca5bb2
15210d07-f9a0-4819-aa13-7c758d5cd371,9edf3e84-1be4-4167-90d8-7c4f5a3644b4
157a7f31-aecb-4d3a-a049-931d46f2adcf,20c957f2-8b20-4400-90e4-f491c48d8af2
15e55d5d-3415-459f-8d6a-970897d25df2,c853ed60-d881-43cb-86cc-f1a86aa9d434
15fdfe26-f568-4761-bbff-f4b38e69f1ab,3e47e9a7-e801-4769-943d-550b29ca3f25
1628a6b6-2a48-4892-90e9-835472d1512a,46e3646b-5c6b-4de6-ad3f-45fb156dbc25
163bd5b7-2874-4f8b-a8f0-8f9b4c1b2b7e,2e941ef9-8e98-4d57-a7ac-6002dfa9d270
166399c2-095c-484a-87e2-eb197709c6d7,a4219702-90f8-4c7d-8364-78599df16566
1737b975-ca07-47ce-989c-9ba8e2a58480,2f3d083f-2e88-438c-a03d-db46160b9ef4
176b2964-c85c-4d73-8402-488e1f3cf55d,81636bca-1541-457e-bbab-60306a83f6bc
17d7017c-85f9-4b98-afdf-2fc125b051a6,bab7840b-5a6e-4626-904e-c2b3a94519ec
185d8e8b-91a9-459c-9577-ded0ab030152,649fccc0-bdb1-4cfb-b315-96f5e246bf9d
1871a772-46b4-49ee-a479-a7b83bab9901,b0d4da5d-fbf9-4ce9-8d7e-7047d30edb51
187e2854-7c31-44ef-9e2a-0382b00390d0,4194e11d-af68-48fb-a922-47a98e3e4d90
18cf7a1c-eb75-4967-889d-81798e68392d,2e632485-450d-427d-b82d-01063cefe92b
193bf8b3-db5e-470f-beb3-3925179a16d7,89a9b98c-8ad0-401b-81dd-befe221d0b36
196f6161-928b-4407-aa09-6eb81bcf9cd5,da094909-676f-49da-8bf6-e9f5806fba76
19dce144-2f3d-4155-b4ef-fc6220213885,0d115d1b-78c5-44e8-ba3f-05fa50d3974c
19f0ba59-5996-438b-b0a9-f09d8253030e,4967c94d-e82f-4b4a-9fb8-e6f72a5042d2
1a02165b-f587-479d-80ca-b2a12e4f1214,03c254c8-8747-4986-b8b1-6c45850d3a6d
1a11d4d9-a4f2-4569-81d4-7061b9c41b1e,bf8c6e33-22d6-4805-9618-cf94523c7cc7
1a2ef89e-a60a-4977-82bd-fa57118ee528,75ea6e0f-9d94-4266-9bc6-147f9907dc2b
1a40b76e-3e64-4882-b26b-735a6c978305,e80906f4-341a-40bd-b55b-adb71ddcce53
1a4f8b07-eead-4511-b323-ebff2a26a0f2,24b073aa-6620-4b6f-bd20-a49805958c1f
1a7d9c33-12df-46d6-afd3-1ed77e60850d,218a89fd-dc42-48d7-a3f9-98a2c47e1221
1a85340d-8691-4da2-98b0-c0df1ba91def,6e0590b7-b937-45cd-9f75-57a60d08aeb9
1a8fdc3d-bfc6-4183-9816-c5d6210b05f5,686884e9-f796-4ffd-b4a8-b090875db9ee
1bb66a05-33be-4a6d-9a53-4cc78dddcdf0,e1295e91-7bfa-498b-8507-24bc6be49091
1c1f20c7-5589-49be-a959-3c193e32b93d,41821b04-330f-4973-9af1-545f486e6926
1c51f6b7-3c52-4479-a5c1-135d6e3866e0,b7ac9918-a8c4-4d97-80b3-23b43f45666e
1c815747-3980-42a3-aabb-c2de01bd08df,6e4de912-5e3e-4e2b-a7be-0b43b44da3c4
1c87fd2e-e683-4971-8e1f-699a0f9bc84c,2d3eb832-c8b2-45a2-a3ad-d648cdd00f0d
1d3df7da-b2ac-470b-b7ce-7e857c4bd323,d7bd42d6-287a-4e17-8201-1902d38d5251
1e1db86c-2742-4074-9c31-6da45e056a9b,c375e89d-dd7d-40ad-b19c-db5f0e6b05eb
1e2e97b5-e123-45ad-aace-820770a4be4c,4ebe4daf-54ca-4573-a8af-471fcfcb5e86
1e48e9c0-08d5-42ff-8b29-ae20a0128fee,b9e4b064-cf75-440a-8508-403a56185acd
1e557169-c28f-4927-9d41-160542cdc979,baa37ea7-e57b-4be5-b9c8-d67856654169
1e6bd821-7676-48e8-afb0-7c4218b6cad9,d25e8977-fb21-4eb4-af1e-e5e5b57a84f2
1f6c4bdc-5235-4c14-a2b1-d57f35a6142c,9d9e9984-1613-49de-ba38-33972771e554
1fc00bbc-6087-4f4c-a5be-1eeefdd38434,cde949f1-be2c-4a31-8128-449933a6bfc2
20019855-9986-4d75-9d1d-212d98c9e603,29dbecb8-5371-4641-a839-931a7bcc52d6
20468326-9c62-4c9d-9ac8-0d28222e40f6,ebd97f75-ad6f-471d-bd88-46fd230ac924
20c320db-9a7e-42e1-b50d-b51db973967b,8f279b3f-28e1-48f2-a1fc-578bdd6d791d
20dee366-8188-4b9a-99f2-000b2c853553,371b2a53-31c8-4a50-bb05-0c7a948be339
20f6a276-89ce-478d-8389-fdd012ac709e,334b0ef0-ae89-4a1c-aee2-9e76eea2bdb9
2188ca8c-8962-452d-b5b8-4b1f0dc9a3fd,2e6fad23-6728-465c-919a-5ea3f3028fdf
21acad21-5ed9-4797-98b4-e9895cd2525f,b13e2572-a338-4824-8c28-8d49db254a8e
21c3a5aa-150c-43bf-a265-27a018a037a7,e789f3c5-625b-497c-bfce-269f184c6ba2
21ccfc71-cd17-40fc-901a-2b6e823ef4b7,887f941d-9bfc-4a65-b45c-025d0848422c
227edd4b-0539-4e8d-9f64-d9992b5e568e,ffe0164a-a68a-46a2-951b-735e5ff47d9b
22cf00f4-232f-4aa7-84c1-ccc846b170c5,17b5d0a0-5e3b-4493-9ef1-6768e6a46382
237f65e5-c8cb-4c54-963b-5270364cdad6,afb166d4-9693-476c-95e0-76975911acf2
23fee468-2878-4640-bda3-d59cf9d5660d,a3fc72d9-a72d-4957-8c21-5f547a412974
240616fb-ede1-49d4-9995-f91c53e338dd,5cb9d3ef-e976-4d65-9f87-6090cd1ca8b3
242c7784-f877-4edb-bce4-df5b8f9fd117,5e360b59-57be-42a6-a430-1955a97e9803
24492fbd-f6a3-4801-a74a-2dea3383b0a7,ea557cdf-229f-4dd8-a907-d37e9f1aa44c
24b00af0-dff1-4e43-b401-efbe107d9262,c6c588c4-06ff-4b57-8a8f-8f4137d47358
24da9c3b-d6db-4df4-88c1-7f8d4c30c729,af292fb4-899e-4c9e-99cc-43ca2fc31949
24f6a3bb-ff84-43dc-9d68-ba203fa89605,4142f826-3c31-46cf-878f-ce09d99d6429
257e7caf-3abe-48b5-a860-630cb1c48d7b,12005f1b-cad8-4d22-b4fb-effde78b796a
25be739b-ae10-488a-8705-9867cf708858,a6ab03bb-7619-462b-ab98-e5463f882637
25eda546-a451-47b6-9926-57411156b170,05ba01a4-c7da-4d8d-aea2-ab4fddfbbb42
2655a717-6130-43b3-93be-51a9be413e0c,2e4736fe-3a0b-472e-b099-5249c8f4583a
26f7f04c-13d2-4d8a-856f-de47dfbedac3,5c5b8a5a-16e3-4c7e-8f7a-a1bba33ec8cc
273dbbb5-d43d-4c7f-9077-fd790c6de5ad,48cddaca-52e1-414a-9e94-86993532b196
275b6658-3db3-469b-8818-bb7c22bca691,0806a08a-2eb2-4d20-8bf4-e0b31a3882af
2776c0b4-4e08-4711-9271-2e11db35035f,dc9e7dfa-365f-4a69-9cf5-18c16a8e2950
28262119-0946-4b69-8019-c9068a14da87,c76e9c47-bc2b-4d1c-87c4-b092504aef4a
286576bc-a2a3-4ac8-9e92-644e9fa18d1f,ceec8773-5192-4b56-98cc-f6b2e70bbaa1
2873806a-f9c1-487d-ae20-4b816719b227,0e7bd6d3-9b7f-48a0-96ba-27c1fa34bb8a
28c56661-cc34-456b-9a37-f632401df376,c5c82425-431f-4db9-8ae3-385d95e45af6
28c81f5b-9bbc-4f28-be23-fd3212c23f71,98393421-893d-4d39-980e-9e82eee2b81c
2971a321-dca6-4751-a76c-812942f5e70e,4e774b88-1020-4af9-a7f1-283c8a812772
29f04486-2f34-49b6-8e8b-f198cd661927,944525c9-5559-4d35-8ce0-d2e98a204ecd
2a4ffc8f-6d8b-4b7b-8271-b4d679bff1d6,2e1f8e69-6054-4734-be0d-532f2040012e
2a5f1367-6fcc-4a7f-b44b-d875e0c477b1,c514aba9-5d29-4ae9-9ee6-25c7417fd710
2a6c0ed6-0b52-4082-a98d-b22dcff41452,2f290cea-2195-4256-ae2e-9aedc8824764
2aa12a46-725b-428d-bdf9-2b6d9cb58f87,ea16d279-b3e8-4dc0-8caa-07981c9895e8
2acb1230-171b-4f3f-af4c-a3af9dfae1d9,7c333eb9-f157-41a1-892f-a4ef5f9da005
2b275cba-4515-45c9-989e-059fa96d88eb,3238a5dd-bbd0-4e94-8978-3bbe13ffc3db
2b40b487-9303-460c-bb94-94aaf88b18a9,e69f56f9-8dba-4d79-b9af-08a9c84d909a
2b7836be-daae-4ca6-bdb3-81729d06195a,c6ceb724-0f82-469f-9248-d32c85adddaf
2b9a616c-ceea-462b-ac59-b22cd2431dd3,1ccc5d1a-68b3-4fec-9960-795ccf4af6f6
2c18feab-ca61-43fe-87b6-c5570d53de95,6394566c-3d78-4568-a3e2-c1c4f7beed81
2c4a148e-8dfa-4d30-84e7-f6bff98d605f,b0edca0f-92fe-4778-9573-f3cd10d8e021
2c664ade-714f-4bc3-b282-582dc3c1dafc,f287badf-ffc5-4d3e-9eed-49a636055702
2ce5da6a-4e91-489a-bc7c-845c2894f531,358ed81b-e174-41eb-9d0b-d581d713df66
2d0e3a86-7a9d-4b8f-956e-dd88d3ec8219,0e7fc4d3-7a44-4649-8e11-3ee1e55e864f
2d8d8b9d-6821-4b3f-92f0-42f2e5ff8094,3142e365-daff-46b0-ba7d-162c89dcbc1f
2df44d46-0009-4781-a289-a529bc190253,3a2fe45e-d290-44b6-8840-51c8a1677b32
2e5cb578-beab-4865-836a-e1cc3b9fea8e,2e4736fe-3a0b-472e-b099-5249c8f4583a
2ef9f878-2c0c-4961-91bf-ae7dd9ca5073,f62881e6-f664-4115-967a-43c6d0124816
2f1889bf-6aaf-4897-b8fd-2f9b4b984672,5cbbd7ca-6b7d-4f2c-9337-f30ddae3566a
2f3c7234-27fd-4cca-b9dc-5e359f314194,4eb754c1-0c02-4243-a970-91a8400edffa
2f5e0ee2-8576-4df5-b349-9cb625e1e0a3,13245c45-aaf9-4511-829a-afb11538a6ad
2fa0f50d-43b0-468e-886f-564c3fc067f0,813ede10-5e60-4338-994f-3a4312d62ea0
2fab13f6-d393-4a5a-b4d4-fecc63eebbbf,0a39c7b3-e758-454e-b6e9-191ae65f07eb
2fe597ff-c215-4dfd-8701-cc82a3d5c999,9979bf59-eec6-4b78-9e31-f578f2cee854
3003e149-0260-4154-8ef4-a0bea00ff405,0d00723d-ad03-473d-a433-dbe98b075e2a
3072789d-b797-4ce1-9c0d-06762e75a433,7d39f2a5-be12-43a5-b7f1-0df0fafb93be
30877663-352d-40c5-be70-bb0314ecf548,e19e1229-90c8-4e91-9157-d12e21285e30
30b39349-1666-4abf-90bb-e68994792e94,688c8896-a626-4922-a149-6796e6c03924
312f37b4-9b53-45bd-a0e0-e59c47833a9a,b584a3cf-d21f-41d5-aeeb-b9235d5a2a84
31ccfbe8-db5b-4f2c-a1e4-57a26259a186,a14d6bb6-6448-42f1-b2f6-077026eb1c18
3255416d-cf6e-4523-ae97-324b6a2a635a,02ee8552-d241-4675-ac71-ceccc7a0e773
32a6671e-3296-4130-9643-e0a8eb9f9417,8633f3cd-5aad-429c-a093-31191b8b1cc5
33112412-1597-4caf-bdd1-23b5581b704a,bfb3fdb1-6f30-4fa3-9024-a396efcc391d
33a618f4-f675-4122-9152-8a9652cb3984,22c08161-2941-488a-af49-9f0c0787d7d2
33b901ad-0cc6-4bac-a72e-77251fc1dccd,c8ca93fa-c6b3-409d-8a33-e1d5f504d065
33be996b-defc-4c5b-88ab-015082fed739,455eb7ec-bf35-4e1b-9dcf-db8f74d2d3f8
33d92884-467f-4a00-ac42-d927546c3d8b,5fb39980-d2e2-4d92-8bcb-679b055e33fe
33fca689-cd09-4f38-a0d5-c747076ff1ba,39f2a0df-1d1e-4b88-951b-67e839dd013b
345136e2-1b35-4407-8b42-222b34b5f76c,47a3284a-9cb8-4079-bd11-b6ad71915e1d
34e12a1c-416a-4b64-bdd2-9c7f03f9d87f,f32cc835-1e3d-4a13-bbf2-395022f7ee50
34f6590d-4d5d-449b-b5df-39d522422e36,8b4c8ce9-594b-4d88-ae8c-d244627bcc87
35c541ee-1497-456d-91db-b30f08243d1f,702dc236-5da4-4b31-929f-feb77261c489
3627ff59-a9af-489a-a339-84051c9eb5b4,b5b5542a-eebc-4529-815f-7c43f50ff256
36325600-3838-4415-9d6e-30014992735e,8b4e8ea5-f765-45fc-a888-add6a3f5da1b
36ef1bd2-bb3d-486c-b16f-dcc499548d41,debb253d-2650-4dcb-8acc-224525f53e8e
36ef2d58-7d56-47e8-9ff5-981ea3d7ae68,a94b5259-1cf4-4c3b-b940-0d12bca659ad
36fe70c1-9786-4596-ab7b-4801aa5cfa68,70168a2c-6487-4d56-9dab-f61ef2b4c9ed
3703d60a-c637-420f-a11a-f6f50a5474ab,111d8440-6dee-4820-af6e-e526cf735cee
37148e9a-077b-4187-8574-5d6c84a56232,679cfb45-ba18-4611-ba8a-519b88733535
3745aaa1-4d52-4ca2-bbee-fe11b676f52b,eda92609-dd5b-4bd0-887c-5d415dd4eed1
374e5aa2-df44-4074-99eb-bc1fb9582ea8,cfb4d6f5-6fab-4b8a-a75c-871ddeed9998
37c7ed8d-9e27-435b-ba02-6cfd6e1a6852,710c636f-cf9c-4a2a-a5c4-0639d651acd8
380761c4-d792-45ad-8ff0-c65a66fdb381,455eb7ec-bf35-4e1b-9dcf-db8f74d2d3f8
380ed3c5-7c86-4a5f-bf35-82f68eadb118,d50e3340-97e4-41c0-b6d6-20864806d3c9
38497a3b-e8c0-4e89-91a3-90c9815e1b4c,4394b413-3914-4f0f-8f3c-b0afe9ff21a9
386d871b-7c9f-450b-8fdb-6802d62bdd17,c1fa725b-357c-4fd1-8950-32b1fb1c2616
38f5dc70-16d8-4d5d-b790-465d807c0c4c,142eab79-cd96-457d-b40f-d76f8e905b2b
39695826-0e92-4482-93b9-3b7bebed0f90,6498393f-45e9-4ce5-a429-03c2d159d4c5
396bdcea-341f-4380-8c34-96fb0b0d4195,98fd5361-1db2-46ab-a058-bff5453ab6ab
39ca9766-f5bb-493e-a8ab-05a6575e1476,c46532a7-02cd-473b-bbc3-19d4d3000ba8
3a31d276-e3c1-4111-afd9-d834712b9c70,b3cdc757-57de-4e43-bfdd-bccce7d9867d
3b4b94a5-49b1-4f77-a2f8-df4641b52f92,0c949081-1de4-4af3-b328-ace960e11c1c
3b547d39-b2be-4c66-b2da-a95ba35abc74,3312cbf8-e335-439d-a202-91e1583c727a
3b8295e4-e524-4393-b0fd-4e41bcb15514,3c68ff29-5297-4c12-b4e5-43a781515ff4
3b9c333e-a618-48ac-bd00-dc2c545d4de9,529065b6-77c9-46d8-be6e-9efa60772e96
3bd9cb3d-59d5-47d7-8c63-3eaa402489ea,8a5a4186-2839-4ead-a6c2-2ddde6df7954
3c0b0727-15c5-4c2b-87d9-c62d316b36d5,b0f723a2-fb44-4212-8667-27160f7ca1e2
3c1849db-f356-4d70-9f86-fdeed5cffc62,8bc64aa5-f6c8-4332-a5b8-1628ecc371da
3c265881-b469-4ade-8ec0-572529929df3,552f9da4-efb4-4a17-a69f-0ff11839c1d2
3c555809-c1de-45d9-b38c-384319a6d144,a284e2e5-9036-402f-b290-e8138e8fa55b
3ca4a24b-cc0a-4778-aa2e-08d5e35c6d80,4c2e6df3-6813-432c-9b7b-a2432cfac46d
3cda1c59-5199-4c92-be85-2a62fd80759e,3effaf38-73f3-4c14-822c-d97888fa5fef
3cdd1282-4ee5-49c9-807c-87015c33f3d9,702dc236-5da4-4b31-929f-feb77261c489
3ce965ee-4f3b-4e81-bd5c-7afbe7597cec,cf99de01-7c48-44aa-86b5-0479114e891a
3cf4fbdb-6f9f-4db5-9075-4b43808462dc,f042992a-042c-4d3d-86f5-7ca923806b2a
3d4a2dbe-59df-4c71-b9aa-23d74506b2e5,c6e2d24d-ae14-44f3-91c2-1d7c272a67b3
3e064112-1ef2-41a6-a52c-81037e8ffcc1,98393421-893d-4d39-980e-9e82eee2b81c
3e47ff0f-ba01-41ab-beaf-249fc01d928d,b569df03-1327-4055-853d-a7b402540a5c
3eed7193-1467-44ac-9bef-6fc490143def,cdcdc666-6182-4b6e-97d6-72eeb9ac7832
3efea876-8510-4671-ad21-8467a8512b2e,c2159f5e-1480-4c6a-82e1-505801fc1d9d
3f4b641e-1aff-4b5f-b45d-aa1701267329,3163ff76-2f06-44ac-8c23-ed45dbb94bea
3f656e10-c49d-4977-b349-4bdd5f562050,ad0b1567-3081-4010-92b4-2d7c61fa6731
3fc19126-4b3d-44ad-acd2-c4a223943a30,dd3733f4-a62e-41dc-946d-bcd6a2cea0de
403c87e8-81e2-4e65-acbd-020bae817280,4d678fae-f9ad-42f6-858e-05a9a16cabda
40541671-37b2-4d50-ae8e-c7a2d82d7a91,284e59d7-2295-4df7-a025-bb46dba87775
40616b0f-b925-40ad-b253-492eaf95960f,df0c39e2-c245-4ae9-a73f-e5f50221419e
41663548-2aa2-4967-9c84-5a72239417f7,32f11798-e5c6-40d4-9e69-46bbddc57e18
41c64fa8-8601-4c62-9cb6-e526a9dc0eb2,d7889d75-8b86-47d5-9ec7-13ac5f4101d2
422d9c91-e87e-4853-8310-1d48e581074e,cd7807b9-28b1-45c2-ac75-a35048612430
428e237f-9d28-4f36-a642-7738bb7db94e,2a8f8abb-ac45-4b85-9d42-a3396da334c1
4303d2bf-be29-4e9e-803e-81f3069f8a25,eb3a694d-5e3d-4d44-9f8a-7cba390ed91a
436b0313-0840-42f3-8adf-b794f8a32ee5,fbf465a8-6efd-416f-856c-e6a01be9bec5
4397ea03-9a0f-41ac-b312-cdc1c1d4e6fc,c9523229-b7d4-4630-9782-c0cc13356cb3
439f6394-7a5d-446c-9fda-cb124f391cc5,23b975f3-58d7-4958-89d7-eca47c7fc7f7
43ff256c-7c63-43a1-8f55-3fb45a8bbd0a,16c179d8-5b68-4f5c-87dd-af3892ea2083
4449e82c-09b9-4747-a500-f353afc35e42,293187a2-4364-4fec-b01f-c4bff58eaa33
44d1d0c2-383e-4e7b-81e3-b854dca4fab2,34985995-68ad-4882-b404-0918e3f2674d
45630bc2-470a-4cf9-b90f-2d1053ab4204,20b54f67-3c3c-4323-8b18-358d6cfe4eb0
45b7c0b3-00ee-4e6c-a50f-fe99c4106dfb,89b8f586-4272-4116-8901-cbb6376071d2
45c78045-950a-46ce-bda3-8306d43ad015,a32f79f9-c149-4748-996b-16dcaad31039
45df91af-adfa-4827-8dd4-b98b92f940d4,68bc3164-2756-462d-97a5-7b9848c43e27
45f87af1-8ea8-45df-8dcc-0fafc1a139ec,8c078ad6-2721-4e4e-b87f-2576820b6814
4666ddf8-bc56-4542-8444-4597cab994cf,95ac8f50-17b1-40c1-afc0-40f88f048790
470e7f33-7f93-4edb-94cb-6d5753bf0d0f,432b2058-286c-4e66-8f6f-10c1c6375e50
47731e14-f2f3-4492-9d93-7d4f296fd674,fc13aee0-cf8c-4d36-9834-fb7965899de3
48185d26-542c-407c-9c1e-724292cf76a8,cfcff401-4f42-44e2-b3fb-5b4282377115
485c792c-8eba-4f5f-8d42-d742614d37b6,6ccf46cb-a953-4d3f-9daf-94f69f0795fd
48e6926d-dd41-4dde-ae07-9c4b65c2b058,0a8f1d30-4f9f-4daf-b8b0-ff99431996ad
49eece2a-5e3d-49e6-85e8-b91ddf7719fb,6f1a115d-6a0a-4116-b96c-494dd8ad2e14
4a37cd8f-f31c-4dfd-a47c-6c4a30878dc1,689f18bf-083d-4874-85d3-bc445089e3d0
4a5013e9-a2ad-47cd-81c7-86dcc308656b,849d3882-6365-40c9-a1d1-52a7d3e2b6a3
4a84e56d-e8af-4dbf-b010-06aa129fd5f9,8dd58bdb-c8dc-4d81-9853-0d1321bce7aa
4a99e264-706c-4927-baeb-0b045044ea8f,02d78e49-1c77-4d65-804d-eae3314668f4
4b06ae6a-efc1-44d7-91b1-99cd8dc79051,3e2483e2-58f4-4df2-a5ae-f0a4d88def80
4b0c71b6-5487-4544-858d-a0046f072878,8f37a5a6-1e10-4276-bb4b-30f4793c6853
4bbec05e-f702-4e70-84f7-0151347e8d9c,d846f3a5-53a1-4c4f-9a1c-cc3ed40626ea
4c4eaccc-8011-4744-a9c3-04c539e58bbd,010562fb-3800-44a7-84a0-ec15705dc77c
4c5cc855-8a99-4eaf-8c19-dcb286376c8e,991286fb-ec3a-453b-88d8-04e57f12d096
4c710e75-3ba8-4207-8405-7ddadc90503d,4b5e5b8a-559b-4d41-8386-aff0167507e0
4c7fa4bb-1d89-400a-a3ea-ed3f9e5a0437,83ea8724-04b3-498e-ad26-61f006947534
4cd5abd8-ac12-4873-8480-3f49fe3ee8dd,0d8be020-620b-462b-81ad-86180a4a032b
4d1e99d5-91c9-41d1-86d2-3a5b40f97073,e5030cde-fb50-431e-b855-bb02ef6fb257
4d407d5e-3f12-4912-a2a2-a012178a1934,b377de73-16c0-46ef-b8c9-1469c16e7fa6
4d4a5579-b860-49ab-96a5-5ff9d6b29f46,bfd80076-9630-482a-bd32-c36f3862e762
4d65fd27-281e-4512-8cb0-068e7b9792d0,860064a5-84ed-41ff-a18c-0837dacb1419
4db118a4-e1aa-4900-9c0e-1bddfa54d3a3,d6c97569-d260-47aa-bcb1-67ed9850bdd9
4dee94cb-e8b1-4a97-a55e-4a6ec5812859,35e839f5-a650-4715-a13e-1c59e101dbda
4e821cf0-0db7-48e7-b683-2057e10306fb,b1843494-e38a-4de7-92b6-f1a2330a7c4d
4e87d0cf-1a8e-4f8b-9c8d-630884c9d844,fff1464a-7521-419d-95be-511b7e927eb5
4e8ff654-f33a-4f4d-8e6c-50abbe7055a3,2610c98d-7b18-40a8-9ed9-05a72c83e845
4f1deb3c-0532-405d-9fdc-a6c708d15295,5082192c-da39-454b-9cfe-bab1e1271498
4f471cab-5b4d-471d-a04b-bab54cf7238e,2257e455-828d-4ab4-bb93-44e4f0e5b641
4f6f4a03-2db6-4423-bc53-d322b2ec7aef,73df5206-9aac-4d66-8b57-e526923ad6b5
4f991877-0a5a-4217-b989-6bbb505f2656,56b1c8c1-e303-4e4a-a4bf-268961e5e9f1
5018b7b0-2851-4c16-9ae7-4c7b4d8e8597,042b2e3f-cc19-452f-94b5-fc0b45bb8d76
5029be4c-14d9-4ade-b9e9-8a6074177b73,88b0cfb6-8a41-4484-9da2-2baea895306a
5043cb43-1e35-4367-917e-cc8e9741d23c,c3e4d987-83d3-440a-9f4d-16214aa834ea
504be097-66ce-497b-9d8a-561eaf2d28f3,544f8c04-c944-46b1-ac03-069114622218
509e434f-a8b1-43c5-a34e-ffee1eb449fb,ca6b1d49-f8db-4c00-925c-89443045467d
51284a03-e666-42cd-86e7-5a347818d954,5b828103-35b6-487a-bb17-98891f5e8c06
5189ad89-5bef-44e7-b7c9-b152fd0d2676,4f7d4e5a-556a-45d8-b37b-167fc83f8388
52406b8b-283c-4a60-a35e-f197ceae5193,8e60a363-5991-4d04-a976-e05360ba882c
52567a95-2bf8-4088-8806-668771a584a8,1da448b6-9650-42bd-a093-eed6494abc05
52c5edc7-296c-44e1-92c1-54cb10aec819,aa8a6034-0447-4d4b-9b73-1e029ba8d72d
52c6adc4-5d21-4eb8-ba20-20dbb522ec0a,ddd1b671-0e5c-461e-8235-a749792f70cc
5308c897-8a6c-47ef-97a3-22ee48db4da1,c5c3db24-8550-437a-bf8b-d0bafd7240f7
530bc0a2-37a0-4442-a655-e0305fac70ef,af38aa80-319a-4bc3-af77-9e3d2bec1eb0
537e3650-cb3c-43df-9b4e-eb306b647618,d6f9a59c-1c46-4078-96db-6a806450b485
54551039-9380-4533-9963-a9e5b374606f,a921fe0d-e00b-44bc-81e1-68ebb2ebe410
54ec3c7b-5a9e-4f03-b7f3-71bb3a640c1f,6a81f0cf-6c68-4d07-8399-d47fbcc01007
559e2fd5-650d-4e5b-b5eb-0eff199612a2,1d8b59ee-8a46-42d1-ab95-55c94aaef10d
55ad2c2e-df62-444d-b2c4-2442a3183ce0,a67365cf-45f7-40c9-89d2-01e0a25cc253
55beea1d-2766-4679-8708-890345f9428d,045d88a5-2b61-4e1e-ba9c-a6bddd3f94f0
55ee94ff-b11f-4dbd-b333-823411f701de,7eb33606-0bfb-493b-81e6-4c35c338d953
56483394-ffe2-4f05-8432-9397d2f92ac2,2c834433-6a75-437e-a67d-266300130466
5756cce6-c102-4ade-8571-9a04aa0719f7,8c605519-3e50-4e44-9194-ea010fac519e
583be7ee-d963-4f27-bbb9-d2fb638d56c3,f8827c12-4f37-4e6c-bc74-7ef421089317
5859e6fe-d2b3-4c95-b27b-5a47c108d054,d7b1b122-6636-49f9-836e-9675b5be5bd1
590d7702-a82e-4c4a-9cf7-31dfe997c9c9,6e9bfab6-f41c-40d7-a388-662de4873dd4
5916305d-d00c-4a42-9802-d493803489f9,b1e88d62-49de-435d-954d-71d78c73357f
593d7edd-b4e7-400b-9c0f-f2861290eb70,9a376b56-5358-4a40-924a-a00e589abefb
59789895-f1b8-4c46-844f-141c9c67cee6,1b19deae-cfa0-4306-8a38-33b7d81553f3
59879da0-12c3-4c38-ab9b-7873bc1da5b0,cdcd85ff-cfb8-401d-a11f-7647af6e5eb4
5987cb3c-44a4-4f40-b2eb-680a59855a02,ffd14da2-ddde-46c6-abba-fa998133bd6f
59e6ced2-1d8a-42df-956d-1405ba71f5e3,1e86e09b-8180-4d22-abfd-d29a73464447
59e9299b-eedc-441b-a0de-84f9660d34f5,161db0a5-3554-4de9-b1f1-de5772c39813
5a2b454b-65d8-48c3-8a4f-7c02bb1e4678,1f87412b-c6c5-4a98-8828-fdb53503d266
5a5429e2-8777-49ef-8855-704b00ff1e17,4543e78f-a282-4c21-a95c-15dc319a4b9a
5a981f70-b567-4316-9830-09e6cb091df4,d4efc6b5-06b3-4b41-a067-e28a6059af59
5ad62d9d-4be2-4bef-8a60-e8f7bb9823b9,9b5d032d-28fd-4acb-bcf9-cc5651aabc00
5ae3a2c9-6c71-44bc-afb3-d829b148cb4c,27feb156-f17f-484f-9caa-5ac1f56d8ea1
5af2ed2b-0028-4638-98d0-a3f87f22b27e,42d3f258-fb78-47ae-ad34-4dcb14192bb6
5b3359aa-2199-450c-a887-93dbb2faeab6,baa37ea7-e57b-4be5-b9c8-d67856654169
5b623eb7-f609-439f-89e7-a70a6768aadf,40a54d29-7e52-4cdb-9a09-698543e20c07
5bd2b27b-5120-4629-b45a-32ec7c8a682d,5bd19f05-ad6d-4189-9d1a-f3252a5c07e2
5bdab0e9-ea65-4f24-aec7-efb4261c2040,861c58db-694e-4147-b01e-fdbc84547ee2
5c1ee728-d222-4a34-9306-7539d182f7ef,1c6ad51a-f48a-44d4-a28a-64ce0a58897e
5c2b69d0-1444-4b1c-947e-b66af115c6eb,a104fa5d-451c-4553-ad5f-7b652043acb6
5c50647e-38ec-4f1c-be85-5ebf7cb0c1fd,1842ef13-2794-47f8-98e8-6947980b3f01
5c644fbf-40db-4508-9a8e-4304747a7abd,69db751c-2fe6-47a7-92e1-4773126eb40c
5d688a1e-8861-44ce-883b-7fa84f37cd5a,efa24638-61e1-4e22-8b05-05ff9268f0d7
5dd53cfd-b3bb-468e-a307-35da48e8497b,02a682c7-4b87-4cf2-889e-77b610512add
5e4a4bb3-5604-42b7-be2b-3125ddbd019d,687e8641-a487-4437-8030-5b615eb216bc
5e7b9700-471a-4b2e-914d-690d5486d31a,8361e5a9-a0ea-4d0e-a346-88781e7a58c1
5ed17df9-bb65-4c4d-a4ce-84919d4bb039,b4c13c29-6640-454e-adcd-96a3fdf4fe2d
5f34935e-d046-4d45-8417-5330ed3de084,b994df14-2edc-4009-9ba6-b4e436ed2ecc
5f4174ca-6363-48ad-806b-ecc651393519,71ff25e2-631e-48ca-8bbb-ca8664beac2d
5fa8e8cf-b2b1-4080-84cb-946c9383a71f,e7f34101-211d-435a-a6bc-7dd8b3ea50de
5ffa1744-2965-4eda-99c0-3e615720e1f7,8a1dbcd2-8454-4c59-8697-225cde8d9756
6026bb69-f88f-4f4b-8972-8b6c2c32cced,0a6dabe0-5e77-4581-a21d-d6ebd5504f21
6059af40-2062-4c2f-aac1-f490e3f5af42,ef445f0f-a981-4032-bb9b-dbdfffb7ece4
608e4609-01ad-47e6-96c0-6dac053c037a,13b5eaf1-2dc8-4b5c-b499-400c5218816a
61336b0a-0ebd-4b71-8ed3-ad8cbd6be10f,24887918-60e9-4e2a-b79e-56cd098af4dc
614a0c29-1506-42f0-81f9-a93a218d7545,ff8cd4de-eba9-4e0b-a9f7-b7959fa7f269
61674443-a234-4621-98f0-1ae957a6bcb7,466322b4-e21d-42ea-a0aa-06b87070054c
617bc5c8-520b-41b3-b8d6-3dff57bf056c,de314372-29fb-407f-a98c-998da6382e37
618b74a5-4e66-434e-8e20-65a8a646b0b7,b6e440d4-6ffa-42ae-97e7-b1d15a8782bd
618bf4a0-b392-42c4-a529-3ac72f833efc,0255c5b5-8c33-4523-810f-2dc39e8ded8e
61ca8d1e-3be2-42e2-8227-1ce2dfb81de9,1df38e6f-fbe8-47d1-a553-cfbb563a4cf6
62c4570d-ec46-4bdb-9d79-9e2bbf6a2fef,33145179-4d9b-4d8a-bb53-05a0c1074e2f
63228b7d-ca67-405f-a464-70b8c234abd6,5fe0d722-bafd-4c13-b9cb-faf2c06c9486
632e2655-9b03-4a8c-aed1-a35bf974bba7,0f9ff366-49cd-428a-a2a8-b3e814f8eaf2
635d082e-4d91-4933-9499-a286470b0055,2e5e1269-7910-4d04-89d7-86fc5caba33e
641806f4-8069-487f-a6ca-8d2dc90999d5,2d13b78b-fdaf-4c07-aaf5-4263bcdcac89
641c8abd-7372-430d-8f7a-490996f229b4,87777c56-4b14-4c45-83fc-25f83ebdd816
649c0f99-0b1a-4b08-a3f6-84243d3b1c23,0f150ba4-d0f5-452e-b7d2-fd5cec21a0ad
65632600-d630-4049-bc78-60345ac6380c,f2002fd2-5334-4e77-b4a3-5f7eb9a5b2ec
65718702-63c3-43dd-a07f-ee2eb00932cb,7bb70633-fbff-406e-a2a5-4e102d002248
65ed9c94-f27c-4ea9-a545-09f24b716c17,69bf3ffe-e31b-42c0-99b7-3dbd9a816168
65f4ba4c-0416-4472-a2fb-d431d1b64924,d42b5eed-fda5-4cbb-8147-dc9a3cbdcdf3
660cc33f-cfdc-4b1a-b8cf-31e30e900fdc,ec8e6252-4d45-4b3b-aff8-7967226dc52c
6681a66c-54dc-4fc9-b40c-76c64d1701dd,488f40cb-a991-449b-aafd-ae58cdf88db2
66a65902-6cbe-4535-82c5-6c0dce245df4,035a8ebc-0995-4942-897d-4ed27d1d6c5d
66ee8aa8-1c81-4f02-8a50-1dfaaad69bbd,5dae0f40-29fc-4d7f-92c1-99f01293daaf
670ebe04-fe2e-41de-894b-d81ab2955bbd,32fb31fd-970d-4ca1-a95d-e8b973c22d55
67aae7f4-837c-4db3-99f8-a8016f89031f,3e803eda-8c0e-4af4-8b82-fd596e457a28
67b52427-f103-4881-9a6a-cbc6a0b61769,b5a80fb4-9e7a-4c7e-b4b3-c0696f38035a
67e36720-fb26-433a-a063-a6e05b583f3b,ed766b12-52e8-4922-841b-d46afb1a96a7
68259913-e34a-4461-855b-3c1f74d98c72,c8b6e388-4a23-4168-86dd-2ee7e1393e24
68394848-b25b-42c4-b13b-6236dc4cdcd9,c3eee242-c4ad-48e1-b524-daf48ab987fc
686ed14b-bd74-4e85-8acd-c1cc1732ca7e,6ad7a887-dc97-4060-93de-ab703b479281
68aae8f0-d670-4186-9003-e77dfae6f64f,8638d42d-8f82-468c-8655-3998e309f7a5
68b8fba7-eaf4-41f4-aa02-4b86605bdb16,368c3785-8ae3-48df-994e-395403e3eb3e
6996b71b-96fd-4260-813d-e7ed208d422b,786b1d6f-5e60-4c46-b079-cb589f424a9d
699d2091-8066-45ff-ba7e-d2fd285387fd,cf63aaaf-fb97-4155-be30-5dfaf90d0acc
69d36215-fa24-4ebf-9e09-26b35ddee791,646756f3-bb0e-4996-a96d-7c8573026145
69d5c447-0311-43f6-a32f-e28a2260744d,c7a724d2-ae11-480d-9e29-89844f7fe6e0
6a1d2845-408f-49ac-9e6f-5726f75345e0,45bae573-5fee-4a5f-86e1-28f1134f821d
6a43a404-4e99-45e7-b195-282f2d11b348,a5000902-843f-4eea-85dd-b9c56d441168
6a4e253a-0b09-4506-aad5-2d1581e8bd07,03898d25-9da1-4798-9114-c1fe5a1d7038
6ab37980-5000-4504-9c8a-ea0ad318235f,6b31ce8b-4c55-4015-b609-e4fd3bcf6246
6b5df689-9d33-4a66-b437-c0ab44a9936f,d9743738-b8b6-4fdf-9f15-4db863afb9da
6b9af002-f87b-438b-af77-a925d204fbd1,210d9b2a-626a-41a8-9075-4853222fdd98
6c87f315-a137-4431-bcf7-c908fffaf8f2,a7f1b36f-8208-4744-ba08-ade756ce4c73
6c9985cd-85c7-4f9b-a1ae-d7243062937f,76f4d30d-5950-4401-bbe2-f915d664f57d
6cd435fd-511f-4341-8f43-6bf3f19ade65,3148d1de-afde-46db-ba74-345e2af737e7
6d09599d-f9cc-4763-aa69-f0ccc921c62f,f8abc2d3-777c-4e7d-997d-a14759cf059a
6d7b893a-2b65-4a78-9e40-570618b67ecc,fc55fa21-98d6-4431-ac4a-2a55fba129b8
6deff38c-97e5-4355-b230-265d20f24f65,49de4b0e-4b8a-45d4-b924-afa6e024eed4
6e284909-e4af-4c9c-bb3d-2b9d4502484b,cc55168a-4c91-4d45-b4b0-ccb02f975068
6e506c7a-994f-4968-b141-57755d7dd531,ead915e3-7544-4132-b3b3-2e2f7ae7600a
6ead7039-c72e-4122-bb4b-cd423492a182,5d2da94b-c5ec-4c9d-bb69-df72cb683d2b
6eccf61c-e822-474c-ae2b-eca9e6d7d34d,98a99fc9-3541-4b08-be56-b4ae270bf971
6eef9e8a-e91d-4de3-bffe-85f1a14713cd,18773e17-3841-48fe-9bc7-0b7440ed3f4f
6f24d75c-786f-4f98-9953-41cbb8f082a0,abedbe57-d992-46a4-a5c2-7dd6b94e0804
6f30dbc6-8907-42d0-b991-5c2a8511c0cb,185dc22a-e282-4734-9b4e-e7ef9ad2a56a
708b2aaf-5750-4f96-905c-caa172a9583e,6a925ad6-945a-40a0-8e4e-5c5f14ea218f
70a12dce-638b-400c-961c-659f44f1e1ef,51fc3d8d-20ed-4082-b88c-a6d0fd31725f
718213e6-cb3f-450f-ac07-fa4a6a818041,59fb151e-4539-43b8-bdf5-c947c949d6d0
7187db15-07a2-452c-8bf8-3da81c3ac372,0beedc7d-4067-44a0-8f52-14a645cd81c6
72606d82-84b4-43a8-849f-85cf5400a458,20bf27c4-3625-4d84-bcbf-a16161aa0c72
727bd206-b7a8-44da-8bf1-552d30abd985,f7ca3911-ff78-408c-bdd3-a2efe11309bb
729f8c67-6c1e-44e8-b451-a21c8700e76d,5e9a6a16-a3b3-48fb-b5d5-0a0cc5e8afca
72bcb496-87e1-4925-9b96-e7687a4a7ab3,0a97dec6-0684-4757-b343-fb692d42e511
72c19f1c-26d2-4cf2-85f9-897aa4f2f3a5,c7b58979-e243-4f2f-9008-03ab33b66d9a
73008499-c776-4f9c-9bcc-3ec9dbf61e3f,b2ff3cee-7e38-4c56-93f7-6ddc6094db08
732340f9-6b45-4554-a6ed-3099d35486c7,62ae9c89-0096-4da8-a216-b8fec56b4abf
73687cc7-2737-4fb1-b958-458a63c0592d,beff5974-a1c6-4022-8c8e-4a836434ad88
739546cd-e512-421e-8813-998bcc4c4acb,3cb0d88e-81e1-4a5f-96bd-5d872d672c4b
73e75cd4-97c5-44a5-88b7-17992c3d9cca,f51357b0-f80b-4a0d-b0f4-2259d462784f
74401b6f-f00a-4047-9dd1-616101bc16b3,b4df1750-a516-44cf-8344-28b1d66b3578
7445a30b-534c-47c1-aebb-0677ddf653eb,45447549-8886-4c3e-87f6-cf50f9fd7343
74ff1c4b-9b84-445b-8bb8-c9d97bb92704,28ee483e-85f8-44c0-aa84-d8145866e44b
750972c1-837d-4539-a201-84e654305bd0,80a178b2-7204-42fe-9190-2f5f139779fd
754b2c8c-752d-46a0-b2f0-5b27b086eecc,6ea2ad54-d94b-443f-94aa-ecaa7daf9cc1
757ad74a-af24-41ff-9575-db6dcbd6d9fb,75de74d6-e6f5-4b44-9f8a-806d1793751c
75fba00f-6b5f-45f6-84d8-158fe4057eb0,9c78698d-198e-42b2-b60f-95e977584de3
760d040a-7954-488c-a4b0-da04a14c3220,6c07479a-d6a5-40a5-a311-c1e158dd3002
76712778-3299-4f06-aab5-89efa7563902,c550be4e-92a4-4c9e-a229-7356bc773c34
768e255b-1948-4d60-8c22-fbefa52f1add,4e0c4aad-0de2-4706-bd49-7f3aa9365044
76bf1ccf-b258-4563-9260-727c46cf294f,53e41185-67ab-493a-9be1-5024df3521dd
76d8c3fe-92b7-4cd0-94a6-ab98aa116ed2,ca69f37c-e6a1-4914-9595-39ceabd4337b
7727fb38-7148-45e7-8aeb-56579d8305ca,c81a3136-7f26-4410-9585-32fdcfb616dc
77592785-fc73-4f64-852b-fd01d8ae8e7c,bead087a-8e8a-4cfe-9d3e-6984233686b7
77a7a1cb-beab-44e9-9408-3033f8ff883e,d3a9e85b-c21d-4e62-a731-a0b44d957733
780a5ae0-d088-4b68-b5a2-7d5baa8706f7,f69af10e-d2e9-4a2d-8fe2-7074422de410
78c66e12-509b-49ad-8574-505d63a6f41e,e5bb30f4-92c9-4fa0-b47f-6cc73211cdd4
790e3448-1ef6-4c42-a7a5-299ab2b667df,2d0f38a5-1cfd-4df3-aa92-992bc8b2e941
799498ed-d142-455a-a755-9eff4d0ddf1a,de4adbd1-dd6a-4965-837f-18a7a4bc998d
79c22c9e-3965-48f5-b939-0e6f2794c076,c252c5a3-a955-40c0-94ce-2256f28be676
79c6fda5-f55d-49a5-ad41-bc469d1c8960,ffd14da2-ddde-46c6-abba-fa998133bd6f
79cd9cdf-2720-4f46-8567-e73476a81e12,344a8fdb-59e8-481f-a900-265cc66f0fb9
79f97d67-958d-468b-9675-9a2ac1675c48,682dda66-45c0-43b1-8ebe-cae311b2e7ec
7a70d849-c914-40be-b64e-32fd4f1204c9,f5816373-166e-4018-864b-4618e35f8e4b
7a78d05e-0d74-4781-a6c9-30e81c810d2f,6abde176-37ff-446c-be97-4bed0b32f4cf
7a814830-acd8-4b90-89b4-263cddf7d692,d504ce1b-42e3-4a8d-ae59-a7734510f421
7ad2ee76-910f-47dc-aa01-c69282acdb16,74e2ddb0-ed0c-4906-b138-d5821f058da7
7ad44639-c584-44ac-ab14-4a5b3f7f11ba,974dc8b0-8864-4e14-877b-435063fc2b98
7b337de3-be43-4ba0-9c0d-0f3b9f94e80f,28ecbaf0-0b89-49cd-be5c-719632e12e45
7c10caf4-4f5f-47a1-aae1-55884d8f5eea,f0f63c6f-1a62-4a0e-8306-a83997974245
7c13f0c4-f9d7-40c4-b486-8b13346b01e9,5da301bc-13ba-4eac-9eba-3fd15d86ef00
7c24ae99-e4d5-4425-8a05-3a0e7e323b3a,61ce3fd8-40a8-4c86-bcee-02cd08f34466
7c5752dd-fc19-47fa-95cb-774a23b48cdc,9f9262a4-0f17-4656-a469-2bb0070e7901
7c610b01-7991-4fd8-876b-75c0b4996a19,994af1cf-8fa4-43ae-86ac-cca580aa0eea
7d50d901-9c6a-43db-9e58-11e8c7d8b96a,07e93095-8d53-4c9a-aacd-4c3bfdbdc877
7d6cc333-7446-46de-9510-c93945354355,d81376ca-7791-422c-87a1-4b5909c3fc18
7e7dd0a6-2cf0-4faa-98b1-fba7e3eb60c8,d4482008-c13f-489e-a87e-e0591361ac05
7ef53abb-7f74-4f08-ae37-09eb05ac53ed,a4177bbd-8a5a-491d-b02f-bff66488598f
7f2bd95a-87bf-481a-a52c-dd76e92ee421,8080861d-a2f9-4f49-9218-48b8e40e0db2
7f4244e1-448b-41ff-9fe0-4ad9b99aea80,dcc7c585-0196-4cce-8b26-d8247a0238c7
7f586a5c-e806-4795-973b-bf86c6a83aad,e5cd293d-0f45-4a67-aef5-dcf7483fdd4d
7f87d2f9-2ea4-4a55-b021-b54dcac74452,7d53a903-cfd6-4a9e-a1d0-b89ab6a58826
7fb7947b-6d58-426d-aea0-60202b7716f9,de313dc3-4daa-42a9-b9b8-ff5ca83fbbb6
7ffdd5bc-2053-437b-a1eb-515be4e0d177,10cba18c-e5f4-41c9-9bd0-c6135e1fabfb
804f42ba-310b-459d-9ded-0c3d6e797f56,4ca9dab4-24e5-4fed-b6f9-be5674ebd1c3
81347ea9-f1f8-436d-a54d-db7b43a2a171,24600da4-7d14-4c3d-b11b-38c8787a9426
819bf2e7-5de8-4efe-854a-6ca2be219c34,b0a65186-97e6-4fbf-8d97-8801b6e8c272
81a095fa-16fa-40a6-ac93-6824b97058b2,00f844ee-dce6-43e0-b173-9633c10f0f12
81def9f5-7a67-4fdc-b133-9ec20404607d,e59537a2-f125-49af-bd7a-f6dd812785f7
825ce9d3-3070-47c3-bbdb-1a3cce8e14d0,ee14a5fd-5f20-4d27-8fe9-f9e579c36767
82a1bfb3-b4ca-443a-beab-19fef721187d,3d248608-d05d-48a6-9de8-ee6c52b64d3c
82b8e074-25ac-4da1-8f24-32759376da2f,233ff32d-c823-4d64-ab50-e00115db6dc9
8370cda3-ccbc-4437-b306-521474cf241d,7281581f-b0b5-4b95-8fd9-d46df515904a
83798b31-231d-4801-a34c-c98dd4d409b8,adfd4d3a-6891-4072-bebe-d4d800287aa9
8382a036-7c15-4959-af4d-b951edc9d965,8e0097a4-2058-4ddf-9962-add1b52a1701
83b72556-8b73-4e7a-87b1-a8e6d2e9e8c7,d372a2ef-1dcf-4ec1-94ec-cb4a34f33ef3
846e8dc0-260c-4840-8a1f-80ef895fe8a3,25148335-f1fd-48e3-9975-185ee8e78730
847165c6-3cda-45e9-a851-28fa9206e631,5695f672-7241-42c2-b18c-8eff45f5bb47
84786454-d4ef-4ff3-ada6-3be627eee381,9429edf8-0c25-4728-817e-ce91f00169ee
848575c7-3c51-4a86-80d8-61cb4cf65b21,b3c92764-e748-4814-b08d-e1d30edb6215
851382e8-d011-44de-a5eb-d740ce922252,2ffade77-614a-4f64-bb63-fd5216c35512
8559772a-650d-4d0d-bea8-ee86ac01b0f0,be0f1ede-9304-40fb-8944-b60cfe226719
860b1f52-f9c8-45a7-b535-61b2b1f34701,66ba0685-9ac1-463c-bb16-daafa4fbbff0
867985a1-74e4-48f4-8ad1-ba84b7c13a75,52caebe3-48d4-471f-99bc-d5106757a3a2
86f3b659-85ab-4807-8c46-57202081b900,76787f05-7992-4769-ad2a-7193f9d465f7
8709cdad-4d0c-4b03-9e3b-b7b7ad1f0a21,8ae1b72e-12bb-4a4f-b346-5cde5703c06b
885e7d3d-97be-4166-b703-517c72c1a1a3,fc2b3738-324f-4d2d-9351-ba6f6813f8d3
88689f15-757d-4a34-a323-db2b4e231f8b,26274d98-b4c9-4720-9ef4-9f0ee6b08ade
88c5e3ef-33b3-40a8-8da2-3b0d2a3956db,e5d2b268-f09b-4c5b-b855-ae1368ef52cd
88ce7aad-58b4-47bc-9a90-7fecd36e8892,05438084-fc1c-4fb4-8980-48e66b4a56c5
88fa983c-4da4-4bf0-a2a0-a0c26392db2f,2c133e46-022c-40ed-96d9-7f0aff1dd9a2
89618442-cf33-4113-acad-28d74cd7400d,f95c5e67-1ddd-43e4-9143-2cdfb3fdfdec
8a219099-d67c-4fa7-9c1e-17ca2de20e53,be8a3248-5a4e-43cc-8c68-cc5160e390fc
8a27c1f8-85fc-45ae-b5ae-95126668e192,c6171ce9-fdf3-49c7-a6c9-8635846593d4
8a407c1c-b9f2-41e5-9ba2-5c77d23ca2b3,1fda12aa-86a1-4039-9ed8-78139e274952
8aa6c863-ff55-46ec-ad2d-3b61a9c012bb,0b7839ce-1062-42ea-bb0e-1b21dca5f554
8accb80c-3a9c-4a7d-8f36-aae17f4003f3,c7295903-8f9d-49e1-9738-018fd6835f8d
8b06eb17-37d8-41c8-93ba-85e7b67b9f02,fd373d61-0ee7-4794-9ee0-8926e95bb5b7
8b075754-57b5-4f9f-bb32-3ade40364e0d,8734d1de-b627-40e7-9a50-bb6e87090f57
8b08df9f-e795-4f2c-a404-b7f89903f3f2,7bc68d8c-422b-4bb8-a58e-b5be88d762c9
8b493567-239c-4198-b22e-e416ea5dc93a,065a108d-7425-4ee1-9e0d-d2b5adcd692a
8b62f0ab-6ca2-4703-af11-bb8abafc5472,f454dd77-b45f-4853-b723-d5c0c431266e
8b98bbe2-5636-4e8f-bb33-3ecf12c9695c,2e43fbf7-8ec8-4e15-9611-c855a2767a3b
8ba92052-296d-4153-b9dd-8e9a68480155,2909e8eb-1aaf-4092-863a-cb7665121bfc
8c462cf2-119b-4f14-94e9-ae75d09391ad,50493d79-f712-46cf-8da7-4b6fc2a542c3
8c4ad590-c338-4c38-a2e3-f2a987a1b22d,5b7214a1-499b-439f-aaaa-71534d0cbace
8c54bd5c-3638-4fcc-acf2-938aa6fc67a3,9a28c43a-b2a9-4e4a-97e7-097dd6cb780a
8c651234-d5dd-41dc-bfd8-fb103df72d57,0acc0a36-0c01-48c6-bf8d-542c1904cb77
8cabd833-46d9-4cc6-9c5a-8786cd261615,12994229-81a7-4ea2-86c1-3b4e6662a168
8ce0461a-ddab-484b-9dfa-27571628fec2,a7097745-afde-4148-88b7-aceab8f9d5fe
8d040efb-ee41-4046-8fb0-b3c6d2ddeeb2,4f9b27f8-f9f2-46f3-a2aa-f10c551f6c34
8d1639b0-7120-40a9-9eb8-d987005c2166,1c40dc0c-c68d-490d-befd-c28f9cf05a95
8ddff550-e466-493a-a3fc-d16d81c3912c,419b8571-d009-4894-bca1-b1e2c426298d
8e590993-0c6e-44d0-97e6-55522782df92,a14b736d-1d7c-4b3b-9e26-3517ee9621c6
8e7164fd-54a4-440b-97ca-5c90e0b8e610,2ded3384-1e2e-45db-bf8e-20c5e257d701
8f0d0571-95ae-465b-afef-8ad77541151c,e7f34101-211d-435a-a6bc-7dd8b3ea50de
8f37e5c9-c050-4c95-b048-db0f8f774df9,e360cc24-57e3-416f-994c-57f280c313b5
8f624eb6-b247-44c7-9de3-10392e3e0c9b,7d78683b-2096-4262-b418-9f6c010d17c0
8fb56bfb-5a88-47af-8767-65171637aea5,936d4725-9eeb-4d87-a145-c4a53cd5623d
9045e181-3bb2-4b9f-b76e-2a4a3e580208,6187c936-8da7-49e3-bad1-a9bb869b9580
904f9ef5-488f-47cd-973b-a1affbdecd51,2b63ead7-09bc-4bd6-b3dc-56434d5e016b
90854cc3-db0e-4f36-bedd-ce3e80c4d3f1,a32f79f9-c149-4748-996b-16dcaad31039
909c9a2c-97f6-4a58-9a94-83eccdd5cca1,145a1fb4-1e4d-4762-ab77-12b10c970eca
912c4624-9918-4897-868e-cc543f048be0,abf31b5d-464e-43ba-b257-6fe060f694cf
9131e22c-1587-459c-b158-e3443c493717,1aef3094-b2a8-4e6d-af04-aa33187e84e5
9138fcf8-17bc-4393-8328-b2a61badc371,67a6c239-cd67-43f3-8505-6ba46974ef53
91a86f36-b783-496e-806d-db0c1390e6af,511ae20a-5544-46a0-99fa-7a8bc197fc3e
9308abef-3121-49d7-9988-80ab2f9a16be,3142e365-daff-46b0-ba7d-162c89dcbc1f
930ec926-d31f-458c-8339-835893129f30,577ace00-5591-4996-b449-7b31aa0c3ff1
9325156e-24ad-44c9-ba30-85473c678c36,decd3cd0-499d-4509-8689-8481444459a4
938ae01f-d0c5-4151-b151-404315e18af0,1027bd6a-3c84-44ae-96d3-38829b39cd65
93dfa6da-7abf-4f13-9416-52c568c22220,c61cffc3-506d-4583-b41c-18e7329f48cf
94775765-7214-48d9-bc36-96f8eb34d684,4baf4ca8-76ac-4fde-b683-95ec164b7021
9486c2fc-5443-4f9a-8bfe-abab7875d6b7,f520240b-f314-41bf-9683-ce6f051f2b37
948734e2-a18a-418a-9f77-57094597c80b,eda754c6-cf41-45f1-9a4a-c9135aa1fdfe
94d0b392-77f7-49e4-a188-ec80c9cd8f3f,fae875c0-65e0-4081-9748-dad6d129e062
94fe86e5-992d-45d6-97ee-827aa74aa4a7,112ebbe7-f755-4d2c-b6a2-10c4228d4f2f
954016ed-d489-45f6-8a32-55b03d372a7b,8d443871-eeea-4226-9099-827dc0846c74
959ab4c9-02f9-45c2-bbe2-a2ea6c8b9f53,eeab201b-a3ce-487c-ba45-fec00b382586
95ebd391-a140-440e-b0d5-d6dad0aaeb5b,2d08db9f-1428-4d68-aff8-abee7a04a6e1
95f24d8d-7d66-4606-a32a-23747e72ba4b,709b29d1-f8de-490d-8b35-418317b4edf1
964029a6-d7b6-45d2-a1b0-81fc2098590e,71ff25e2-631e-48ca-8bbb-ca8664beac2d
9658226c-140e-4c5a-8d38-f48812e2dc89,e81dffac-86ac-483f-9841-10529648b00f
97b97247-4dfe-44ff-bfa4-c6f297379ebd,b75f7bb3-e037-41d8-85cc-9c371b643908
97f441d0-07f4-4d2b-b471-ff72c0c0c60f,99adab18-0c54-4b7b-b148-b9eb187a0e0d
982e6101-b5cf-4bf0-b278-57908f641c03,72f935d1-2f91-4496-8434-fbb3d8a54ce9
9840bc27-f65a-411c-92eb-478b192c2af1,cf5cb8ec-8b61-47ea-b865-021c2d610703
9900611e-d635-416d-ba7f-40ade0fbd036,de33edf5-cf6c-4edf-9f72-ad1157189372
991c8e2f-3041-4fd2-b990-2d64a8eb09d8,d11edd58-d269-4db0-9f67-29e7ea7585c7
993e84b8-2c1e-44dd-905b-7ddceb328e5f,a08eb6b8-6426-4563-a8f2-38587de7a49f
995a0d91-4c23-497b-a034-0aac30d1c66b,8218937d-faa6-469c-b541-9d9400faa2a5
995ba804-59d0-4a44-9f91-ba4f93c456c8,497235c8-a4e2-4213-a194-1398e77c1aa9
9ae0be74-b1a2-4e55-bd95-106b477dc15b,0d6beb5b-92ec-4ddf-8029-ab2a6be0a354
9b4b6d08-c127-4297-bb9d-cc9f642db042,770000a4-f6fd-4dd1-bedb-18f2654c2205
9b7f56ee-2dca-4e9e-8f2a-23a9944d74e9,cf8fa2fa-55fe-4a2f-a0c3-8e6f9c7033d5
9c0521bf-dfe4-4920-a884-fbb42d26516e,8d861e4a-2bf4-45e9-a9af-cda57a046c14
9cc86d4f-295d-48a8-a73c-b1025efdd511,ce4c2898-899c-4fac-b680-41f01491a0b0
9d21ded5-d2f2-4851-9d7b-bd0f4d8d109e,bc5de623-689b-42b3-8040-1b968dff513a
9d241bc6-f318-4f42-b789-de91ede2c47d,26f0b7a8-9ce5-4786-a1c8-3a15796542c4
9d52523b-92b0-4df5-876e-2bcc5bfd7212,87c1d233-536c-432a-8cc0-a492503fac52
9d7ace90-e82a-413d-b16d-f14897300834,16990273-27c4-4f2a-8e4b-3e3294413eac
9d8d9109-76f8-48f9-815d-ba46f4977024,a3caa8e6-9a9f-43a1-8dab-ce64c9461654
9da319c1-6904-4528-b0f1-25b863982622,3a7eb104-0f4f-4325-9566-4dbe498c9f41
9dcacc50-756e-4c25-92f4-8f21adb17ed3,0557da6c-750e-41e5-bc96-e93348bbdc5e
9dde206c-82dd-444a-83f6-3df39235b4fe,d3ff7012-1854-4bf2-bca9-01f4a303caf5
9e06aedc-f9e3-44bb-8a74-0db847599401,bb2ef0a2-71c8-4c63-993a-5e6e293b3838
9e0b54a9-9eda-4a56-84e4-b9c10b8e1189,2ea41fb6-3a0d-4c64-86e0-b87bbfaa53bc
9ed75cca-2374-45e2-8772-b717e4f12ee2,cd05d0cd-7085-4938-bf5a-c742ae2961ee
9f1f0aa4-3add-4710-8252-5c1e9c7e9d98,d2d94e24-a343-4d01-a281-7cba988d4740
9fc1bd8f-3671-474d-bfa3-9d49d1211203,0f6f24cf-206c-44b4-bb92-1b0a9d420165
a01fe473-d422-4c11-96f4-21c71dd0c2df,2149feaa-b2ba-4ce3-8bc6-76c2b0b599ac
a04bb984-db1c-442e-accc-43f4abcb0dca,7936463c-826b-49c0-9fb0-5c6d7e6392df
a0962912-04ee-4454-a10d-4bbec1225837,229d8a4d-0267-4055-8ec2-78070d27d28b
a099244d-76f8-444e-8f2f-df21335ee140,a2a8635d-7683-4c64-9d30-4566c480a5d5
a0df4efa-ecad-40f8-9eb3-bdf9bf4d3b75,2f9c610a-834b-476f-b345-76e7efe85a0d
a10519c6-4a42-4e72-b000-12fefa599466,f3e96e19-226d-42a3-b551-db77a95beb56
a1459c9f-584b-4980-a344-a762cb1b0273,f5a07e40-84f1-4e8d-a347-22ec75adc27e
a1c9c6c5-c5dd-4c0e-90a5-4d9ed69e96f7,50d25173-c1e1-414e-9c01-0a21c4617740
a1e04310-7c93-470a-a891-7a35e3c261d8,e3b63aed-e883-4c92-b37d-990e2aebbdb1
a1eb7c52-4609-44b3-a1f5-954dda554b4a,7c41549b-1256-4a78-81f7-37fd378420e1
a1faa24a-c90d-4c3c-8555-1b5ee765c9b2,d3b827f2-75b4-42af-83e3-e279e7966f85
a2108097-844a-4ffc-8cc7-822a4067b284,06f7e27a-d882-44df-b751-84b095176166
a28f974d-be8c-4147-a98a-43f8dec98579,1da59127-57c6-4a11-912d-10a4280c6a23
a2d09131-a457-4177-a807-6b3e98fa05c6,7cf75a9d-a944-4cfb-8891-4b85313da8b5
a30e2e81-8fe3-4906-a2d2-2e1bfedabe17,1897e1be-be71-46a1-91ed-5599b7fd9999
a31e1839-15b5-4f32-907d-569102754d15,732d23bb-ce8e-42fe-a6b2-20c54fb65539
a3b47509-2cf1-4d5a-a2e8-902634f438e4,37560ab6-4f16-4696-8a9f-4d01d3adc0a0
a3e56c06-2d95-4c6c-af91-a317f5f04708,b26a15d1-0c1d-4196-9a3b-c1f5be77f7a2
a3e99089-1bf9-45bd-964c-b394b16a8dc2,216919ae-af79-4fbe-8669-e1a36c34fa45
a45915d9-43d1-439d-9a11-24627c04a63c,24f0495f-b2ae-4368-86a9-738fd62bba0c
a4a69bbf-b494-4e89-8e27-db01936bd9fe,06fe97bc-238a-4ca8-94de-6eaf3824621d
a590eab2-b599-4948-8276-5ffcfc54331a,a4cf525c-723d-4915-bcd4-7eef32596080
a5f3190e-2360-4af2-b655-1c8006f145d1,ceced61d-4805-4c91-bd11-7fa1926aae25
a5fb38ef-e7b8-4da0-b72c-8dcac9460754,5dfa67b0-b657-4f40-b891-41866a71e6c4
a6367e82-4a03-41ce-8e3e-7d694306df56,cce6df63-68a0-4d21-951a-a98f354c0c10
a6527492-0bab-4634-a55f-b9999c622a7a,2b260912-1eb1-43df-b578-cb7c7329930d
a688058d-e33e-4388-9381-938aad6a46fd,b8432649-ccd7-47e5-a201-8dbd34cf4087
a6a79135-cfda-495e-b3b1-82241d351955,6cea7951-90d4-4af9-8c22-89f38404a5a4
a6b7eacd-b140-45b0-b347-6a68081a5421,2ea1af23-33f8-499f-890e-c14d135c9f14
a72e0b07-9bd6-40f2-8a66-ad6a41f2f4ea,6a81f0cf-6c68-4d07-8399-d47fbcc01007
a7e217ba-2685-4994-818f-6f98496e4ee3,3dc08f99-8718-4994-a39c-c8a1b79637cc
a84be024-a4e8-4b3f-82a9-bbd21e5f6ab4,1b96b5ca-7dd8-43fe-be97-0d7138ce1e11
a855ae28-46ea-437e-9890-66fdbe468d90,46b36e02-0597-419d-aa5d-9c9eaa4ed859
a8746ff0-947c-424e-a920-a0cb60965e03,87404d9b-5d47-49c4-9e7d-655df5ffc599
a8858bf8-4448-402b-ac66-1d3a8505fdcc,32f30150-301b-4b79-bebe-3aca6dac8bb0
a8ef9c77-4bca-4eef-97da-6503610e5395,98b25a0a-d759-47b4-978e-81d0be6f5f5f
a986e883-66d8-4228-b701-0cd506b63b65,e4fca6b4-3735-44fe-9215-8caf4c705cf0
a98b6db3-ea8b-444d-8e59-d7ce2fed75cc,3cc416c1-1935-45b5-83c9-5b10a47c2968
a9cd264c-0857-43af-bcad-cb179eabf060,7d429812-506b-40f7-8e33-c4ae042211ea
aa4ca844-5c81-4d83-bd6e-e7cc94301988,8025c66c-3e98-4edb-89c1-2e1c2eb17f98
aad25c19-0473-4beb-8909-467f7e6949f5,9d71063d-212a-4b6c-9765-90e5c5afd5d1
ab387357-d5c2-4736-a364-69e543278bf7,e1bba24c-8e2a-4d1d-9093-2f793316d548
ab78655b-a7a4-431f-a0bb-419e4f054a36,2173d9d6-f792-4c6c-a60e-58aa3f64779b
ab78951f-dafa-40d3-a60c-3674acf515d5,e8b8101b-5163-4852-a803-f41e06845b63
ab9cbc42-9378-4a5d-9287-59a58819d4eb,5d862927-9624-46cd-91f2-62c7752319db
ab9f5715-8331-4d69-b792-fab7e1b4df31,dde9a6e8-f949-458f-9430-0250218f77d8
ac6d6cb3-2a43-48b1-a951-0f34fe7c5257,fcae8205-f05b-414b-88c6-68073ec7e6d5
ac7b1524-4853-428b-8d2d-451d19845331,2010139c-459b-4380-9b76-40581bb2a7a4
ac9285cb-deeb-4d7f-8ae0-0ba2ca686a4e,2863c8eb-43f3-424f-82b2-f7ab2bb5eca5
ac9b4acd-b09e-4d94-bf3b-3ddd5bb3bef7,3cf485a6-0bca-4570-9356-df325afaf71e
acac7018-f248-4874-a1a1-2386b47ebda5,8fa523c6-b150-415a-bd4e-9c94fad5be31
ad173d98-f838-40f1-8f37-04a969e25be6,961d7186-0af4-4f16-bc9f-0c52aea9d410
ad538e36-20ad-446d-90eb-e40c3f52c860,82ea165e-ec52-470b-9eb2-46a49a515a72
ad9ca3d0-f3c8-468b-897a-13ca919c4dc2,1c970714-3038-4fc5-b3a6-ea32889bb0fe
ada08fa3-efa0-47c9-a5a6-a482b7f36d5b,f9284887-a8a8-4c45-b179-8f084334ca65
ae8f60c6-2dd2-4a82-947f-34503aed309a,5a6b0ee3-2af3-4621-9948-904dd83437de
ae9cc9e2-8c09-4b01-822e-ac16ad24a7bd,1bc2f2a2-604f-4619-a10c-708961365a56
af02307d-84a1-4e24-b3e2-3aad8e35bdbb,d9f51bdc-244d-46b4-886c-9f476fd4a72b
af5b2886-024e-4f54-a2c9-a886b9b09c57,fc7ca908-403c-42c8-af9b-17460ff0d986
affcd485-65c5-479b-b6de-75e56f13615b,ec9beb55-ed24-41fd-a28b-26aca8693b89
b0bec245-5e40-4793-be26-410ea99ad35b,06775d09-e0df-4ac7-ac66-dcaeb8a6f3c3
b0f85002-43ad-45f9-85d2-468cc31b6c3c,19b6c80b-bc9d-4e56-8499-ba8978625453
b12138ff-be64-4ff5-997f-f00db77bd0ac,6e45f873-9636-40aa-b1ff-82954b637034
b15c4744-8fbe-407e-aa0f-9edec4925b3c,39932bce-bf9f-4697-b7df-6d9243f1da13
b16aa8c2-0c7f-4a12-83ac-fa0bba1bbd3c,ae75d9c9-72e4-4860-ae35-561b1f16f96b
b19c4db5-4a8d-43a7-8199-1ab51cf0dfc2,ae2ee3a2-f25b-4577-a309-59933aaccd33
b19d2aae-95a4-4295-a61a-ebb9ad8f6f22,54a1e74f-5550-4baa-b9c2-6a54b5a1ec85
b1effd8b-3723-4b50-857d-474048441614,66da9fc9-e40c-4ff5-8f70-507a630755ef
b2345324-f05e-4867-b823-740292594606,fa54344f-21e5-4910-936b-dbcaaef2d998
b2770073-5779-4a99-bacc-60985b8f348d,908bfce3-f1f1-4595-873a-27bd6f75b8bb
b2b871fa-552c-46f0-8df5-aed90d976c8a,3b0dd0b1-fe2f-4ae1-8e4a-a9eb833eb578
b303e6bf-013e-4868-88ff-22b45a0f5d27,15cb3a60-a882-4ed4-a6ab-c9fbf3dd2ba1
b3177058-e12e-434a-b43c-f204defd95c2,a2d39618-9649-43b2-8718-53e02cc00e42
b329e9d8-4779-4de5-8e70-dfbb8ebf3ff9,7936463c-826b-49c0-9fb0-5c6d7e6392df
b376f32e-5649-4100-baf4-212e2a5831c0,2b260912-1eb1-43df-b578-cb7c7329930d
b3846e51-2732-4f2e-909a-7e0d44b3a74a,0d6ebe08-b2b8-48ac-9081-bd057ad196fa
b3de3336-b8e1-44bc-b0ee-72242660d624,38ccd4a2-7f9f-468b-a3aa-9fe07ed48a0d
b4407ada-fb90-466a-aac0-c39743867d88,bea94298-4dcf-40d3-bd5b-9706e96a3cc9
b4aacbf6-40d5-4d59-b347-b4d01ff99a93,b51c0fe3-c40e-435c-99a2-785872df0987
b504773a-fbed-4da3-94d0-1e27c047926c,4128470c-a6fd-44b6-bc75-eedfe3ea1221
b50a06c2-584e-45ff-b0b0-5828f358ca70,fd5a5605-6bba-4514-845e-9380add693bb
b5e674d3-b023-43e7-a8e9-4980c30b1c4d,45f3e9a1-ab6d-4b27-82bc-4ecf819ffd1e
b5ea18e1-d0f4-4e04-9dfa-6cdfeb7b1b46,7c0f5dff-fb14-412e-b6aa-9a844fb82756
b611be88-7894-4369-83d8-9be62d048cbe,1008cbe6-91db-4432-98a9-5a672e8af3fa
b66482af-3402-47e2-8fb2-f4fe7b8127be,61ed7e6e-c890-4bda-b91d-73eb8aeb0b15
b703dedc-ad0f-4580-b947-ef6d20406fd5,d4ad59bb-06e0-470d-9342-e0efdfe1ec4a
b73ff4a9-c580-4d6e-a854-2e33d6c41697,b53f36cb-3440-4504-be93-79d2dc44dd40
b7467f5e-f12c-48a4-a24e-62e8e20b7cfd,46f591cd-4c3a-4b93-82c9-b4d06f8d85d5
b79d7cc9-157b-4c8d-83db-fbd5cce406b7,ac0f06ee-4cc2-4c76-8b6d-5f5e617cf0f0
b83eb2b1-471b-4af2-98a0-a38f02efa357,de2de3c6-cacd-4ae2-bd29-5ad6890f0eb2
b8c551e1-bf91-4eb1-b662-1a20f7fc24ed,dd7cf16c-ff5b-4b59-9fa2-3aee3239d865
b969bd22-b9a6-4c70-9a85-df6e031405f7,85ce2182-da79-4e5a-9779-1210033f11ab
ba5bbf3d-9a0c-4f80-803d-afddc7cbd25f,336a0f7e-d35f-43ff-986c-80c4130ca114
baa16518-4212-4c69-a3a6-f47a9a6a23f5,adde7cc1-cd29-4993-bcba-f7150f7a07ab
baa3cc1a-c38f-408b-b182-c5c650332e86,21a6c7d5-a76f-4ef9-b4af-7d7d13c8511d
bac0a02d-d540-43c8-a45a-107f68ea6b07,3facd8bf-4bf6-4e32-a1e1-86f532dd656a
baf5e0f7-2a5c-44da-a772-8ce59f1a035d,619bccbf-c8d7-44bf-b9ab-a2b70c52aebb
baf6cffb-76c5-4376-8c4b-1a2b97515b2f,0569c49d-8c07-407a-904f-284ac0b91e86
bb4cf056-fdb6-402e-b263-020bcbe71d54,8d34ffd4-a303-4fa7-b9a1-c134770d17d9
bb5ef46c-80e9-43fc-be6e-a6ad35e2acf9,2dd84948-dbab-4a8d-984f-cc4f310cd053
bb925dda-b182-4a89-9570-58b64a5e99d6,0274d608-a2e2-442a-addc-90153571b44b
bc457b16-a19f-4259-b4c1-c280f43e9c14,826fd958-e3ef-482e-a9be-3401b7550b3a
bd42a9e4-8785-4154-bce8-b8638ab705da,20c03e23-17d3-4bb1-b039-feaaace79ade
bf32a08a-ba65-4d28-a689-912f316635e6,f13a7634-0bf1-42d5-90c6-84c47d0a1cc2
bf83b4c8-b7be-4400-9d32-e15a273ac99b,8cc77f48-143d-4090-ba08-c067ecb81144
bf95c3cf-d404-49ea-8947-747bfa5a475e,27b8d613-76ad-44bc-a6aa-fdb769a6b6db
bfa406b1-9dff-4096-b737-cae0815c5119,194aafe0-a2d7-4cbd-9b39-a047368fb848
c03044eb-5124-4aba-8303-3728cad1be0d,d6afdb3d-01d1-44b1-87ec-92cb4e4c3d79
c06e3f03-30a1-412d-aa79-6cb0feb4e062,9bf61b10-bd02-42c7-a089-994c5ac0a86d
c1128b73-5f38-443b-9a77-9558080b9e60,c33e4dcb-ad64-4470-a6a2-33a324b9e6cc
c14482a2-4e22-46bb-b3bb-9b950ac83a00,564344d6-28a4-47a4-889c-d3baada9261f
c1a8747f-29d1-4eb3-af89-1e1d8a6b0c11,9fec752c-f434-47c4-a4cc-075ee67f07a6
c1bb20c5-ea33-455f-95bb-b1b70f10b965,436c3998-c8c7-474c-91d3-b2e351b6cbfb
c1d209a1-e6dc-4fa2-ae63-88099dfefbf2,2295025e-a752-40c9-9b8b-5338283f9122
c2461005-b31a-4660-85da-ba6243789a00,a89b4780-400a-437f-ac8e-e1e82b3ef133
c293fb81-8bce-46c0-ba11-0cf6d27fb814,afb166d4-9693-476c-95e0-76975911acf2
c2c55f73-46cd-4b8d-bdbb-0ae67289ab9f,4e2d48f1-395a-4025-8522-01d46c9da25e
c2e3a3df-53a3-42ae-9cf8-dedcc04a310d,a2f28c74-e7df-4674-afe7-fecf0fda6795
c334ae81-f04c-4f7a-b116-f74ef9e67767,dbb9092d-2f53-4a16-9a1f-625a66dc77b1
c3493442-0fdb-4b04-91ce-0ae6eaf78393,b8b9a02b-a9d8-4970-8fc9-e1afc6f0dda0
c3861635-5880-4c1f-b042-e420aa21eb72,a89ad357-b8d4-48fe-8810-b23d8d907b9e
c3cb9862-dfec-4d72-b982-c4927958d983,96bef346-0ca8-4b7d-b18d-f720cf233825
c428f912-f0cb-4729-8b27-2b290f3c9ca7,32f9e18a-ba73-4fcf-9cac-e580207ec858
c431d4ad-d84a-4dae-8934-0393bd132546,69c727ac-a477-48ba-abe4-4226013ba781
c4667a94-aec2-4b45-b592-9fb65a7b6537,bc035b3e-d520-413b-91ea-5394d1210de1
c46b886b-4ab5-4b5d-a271-9190ea346935,c14ea025-d8bf-43ca-a4b3-7a7e8b7d85f4
c4a74f95-b956-4754-958f-97e29f4d9ef8,44101113-7e6b-47ed-a6ae-25e7ec8aa01e
c4fa0ae8-6910-4f40-87aa-38b3e96fcab1,e42202af-6a5c-4662-9d1e-0a396005f86c
c5260cad-70df-45b4-a317-fb8c08064346,da734c1c-160c-4441-a951-7ae1c2c81a1c
c53425e3-7052-449f-b000-4007d9d6b09c,d3602029-70ac-48ef-a329-41666c37a8d2
c56de177-9ae3-4f1c-9c47-f9f350aa40f7,4b6d0d67-9c86-4769-8397-4ee8d2c5e165
c58a420b-5c88-43a8-8d2d-448a890795e1,bdf86468-de0c-4dd2-ae95-928c2af5cd99
c59be47e-29ba-4d7e-8277-c4a9e350c2ac,2bb4bf12-f606-43f3-9a7e-d601582c57cf
c5ad1245-9e75-40d3-ab97-12411082500e,5245e28b-4a84-4991-8988-f0279ec5c813
c5f57a20-6393-4e4a-9970-706594e7b99c,1e86360b-9c66-4c6b-b00d-306f04273108
c60c0d61-6a9e-447a-8063-fd2a6003fdc9,f8cdd5ba-1f8f-4a9f-8903-b27d12d2b584
c690a199-6133-4933-a88f-dfac151531d3,3b57b8a7-9532-4b6e-a2bc-bd3cc10704b0
c69b5f23-4d2f-4334-92fd-4e18ec93c8a6,abc07014-6e3e-49f7-836d-2a93b53ffd77
c81b57c6-7188-4499-be68-9b7986a5e3cc,d7f25026-9f41-4716-b44c-d3626734d60f
c8f7584b-cec4-4e3d-9a11-b5bbe9cda3d2,d62ca888-7811-4545-86d8-188725d45787
c9135fd3-0745-4abf-9fff-4ff91965113d,9878c8ea-f467-4b1e-84d8-e72587e0d8ec
c98b1d8b-0219-4cad-ad61-adbe8d81ef43,1563f8ff-7c75-40e6-b7f8-ec01cc5cac11
ca02fea9-b5f8-4ed9-aa25-062dfcee6a55,b961e988-344a-41c9-95e9-7622fc518ba8
ca04e8e5-67fb-4ccc-8668-f84243357343,87faff23-51ec-4ab4-90d3-bc1d729e6d82
ca3b69dc-6a23-4726-908e-b8381a0953b5,c542308f-5fab-4512-9165-20f90c788d43
cafa981f-c776-4990-9f19-d76ebbc380d7,43dbf3d6-2ebb-4763-b475-3eb50be8546e
cb391ac9-312f-47f7-a104-c10c235e913b,238ca414-760d-41de-8f09-cac1f83ae372
cb579714-3f5c-43c5-a3b4-001af52a870d,7c7b7bce-88fb-4a1d-8610-7fece0573f02
cbef663b-b5ac-438c-b6e5-098becc20048,219d9fbf-6f35-4cc3-922e-ddd93d66f633
cc61aac9-6ae4-4018-be5e-a2c79cb26c0c,6e2bc0e0-36fe-4cc8-8402-125f392d0b5f
cca28cbf-a796-4f6b-b09d-a0daf42a9a2c,e07f8384-0c56-4617-9d64-fdc32a67a2da
ccbd3ca2-ee93-4a34-9d1f-708ea5ca28b1,25cded03-7625-4952-b861-f145f48d5f5b
cce98eed-8a0f-4ee4-a198-a9c85c54a415,bd52e9ea-78bd-460c-99a5-9b34bdcec9cd
ccf3c3af-ae71-4ce5-8c03-8bbbf75d0796,65b7b7cf-0183-4614-8d45-0184e0e98de5
cd0d43a7-0dcb-4be0-a5bf-cc9351724349,154ca236-297b-4c16-97e3-94e9617eea7f
ce34c6de-35a0-4eb1-a9f1-62ec35d8164c,5a5c5311-bc83-4e13-b155-f035610eca34
ce43039e-273d-48b7-ae88-d9254fe8c7b6,84220bad-1ebb-4511-afad-e63b020a4f52
ce4b24ba-c6ed-4c32-8792-9c5f196726cf,3edfce46-8487-4f1e-8d6e-e723b43efd8e
ce6f7523-145a-4416-a4aa-2f3629818ffc,b651209f-50fa-4179-b5c8-09a348e79719
cf092b46-fbe0-4d5e-9c20-b8a4fac5d688,61e4fe63-5c98-461a-af58-0d16888f943d
cf20a51e-ac12-4877-ba53-463a2fc6aa01,e1ab47f9-2944-4974-9b5b-edcd9dcf9143
cf27678a-2481-4e32-a1ce-0a0cc78fa634,15f5c93a-415b-4779-882a-1aaa2e4ff951
cf65fe66-87d0-4bec-ae71-92c59ae0e14e,f38b4b2e-9cb2-4759-83c3-ab35956b729b
cf80f041-504a-4868-af07-b225ce752ec2,06f7ee22-af78-4a3f-ab78-332be2d59881
cff5c129-5494-4589-8edb-4de1e84c1764,e6d0197e-88a2-4cb3-9955-4fe9b9e80149
d00ef494-0bc2-49be-b630-caf8a808e23d,ab8f59f2-3a43-45a3-98aa-c5fb01208fbd
d03de64c-4d1b-46e4-bf95-30d45b015817,ea16d279-b3e8-4dc0-8caa-07981c9895e8
d0ae4c69-182e-4668-bd42-e1f639431f23,c6e21356-967f-4077-b43a-4565360bb722
d0faf6b3-b762-42a5-b51a-795ea75b91de,5b3f62da-3577-408f-818a-bce56f995b27
d178db5b-1f9c-4550-a975-a09cac5c7ded,1ffb23b4-43c2-41a3-88e5-10bf2aa0616b
d17a7907-c786-4a9c-baad-b62d88453ed2,76088d28-7e9c-4a3a-bc80-040b5fb56b5b
d25d95df-d285-4891-acab-8826d2854cbb,05c6f2a2-f766-4a13-822c-624cdcb07def
d329dd9c-7e37-4f21-a1c3-cd4c4d18984e,c1ec091c-c54e-4871-a874-0be8b91b5fa8
d34665c9-015e-4f48-8a78-035da51e9603,75f57456-dcbe-44cc-90ca-3d7dc084e58b
d37eb0bc-6a47-4e31-99d3-e7c2dedce09b,f1250420-d5b6-44ea-b88c-a8ecc0cebbbe
d416462a-1f12-411d-8881-58b81580d696,878cd615-a8af-4aae-9165-7298fbd9ec03
d488dd45-d2c1-479f-916c-40dc167df9ce,a79b83f9-3d18-42e9-8050-a91ca3fa519b
d57d7435-0218-4d50-9a92-262a3c45a5f5,f6a47858-24e9-4b1f-a68c-6596deccfd0b
d5ccf2d7-5415-454e-ad04-7a04a195a020,45e40d57-cdab-4c65-b29f-3f222ad5cdc7
d5e518d0-e64b-47de-9ea5-56fc576e149d,f34ec66f-7285-4037-921a-e1e159ee5c82
d5e82653-81fc-4ce3-a097-440d3c6ea510,6c0d2839-e9bf-4fab-a3c8-6fff5178a617
d623b434-adda-4d62-b284-63b445e220e8,8576a319-9e38-43ba-8765-7c331f10c160
d63ddf67-c26f-438a-a561-fd2a5a240b33,e6309afe-6170-4dc2-9012-97e64a9b1c1f
d66f562a-ff60-4252-ba29-108b0d8545c0,8768896e-de53-4fa4-b944-b98f5a047a52
d6f9a82c-3047-407d-98fa-71587eaa8e4b,4d0aff18-d1ef-4cbd-b9c5-85bbd2ec21b0
d70b0b4e-ec56-45d0-b151-55a605a45e8c,c2955aec-57f0-4c76-9c31-f329b510d567
d71301c4-052b-4a32-89c7-04c33781af21,e3ffce33-acfd-41c3-9e3f-c37e8a0c5793
d7396419-b39c-4643-97a2-1beaceedcaa4,5ed52aef-69ae-4efc-b76e-bf73fd9d2757
d786a40a-fc5c-458f-96a8-dd869f37cbf0,ed442b46-11ac-4492-be98-88e3f1934153
d7fc4e8e-bb28-401d-a999-d678c260df1a,4b6832be-9387-4a2a-b41e-abf22da6d395
d84ab221-c313-4695-a8a3-ba562769b27b,3bb89927-bbe0-4a44-b193-36d4c3537673
d869fa73-a9ba-420d-89dd-ebf7316fb11d,da15a3f5-1e85-46d6-a934-16c1ec909806
d877fa2c-a1d1-4c2a-b131-2339da42ae25,6a819894-cddd-4f58-bf52-fa309cc93472
d8ba727f-3987-4c2c-a3d1-85ba1d49e273,bfb5e761-6d7a-461b-85ff-ff06cb98758a
d8cac962-d5cd-445d-809a-fa94740c0093,cd0cd808-e226-4813-ab3e-64f612522cab
d8e5216e-5d22-4364-a61f-3bdf38169673,ba9072e1-7440-4a41-928a-101cb2b771e2
d8f42908-bb6d-408e-9898-a2d649df0a26,714536c5-6793-4792-8baa-2831159b313e
d9207ffb-bd89-4251-87a3-4a5878f6d717,3de99e5e-0f1c-465b-b2a0-959069e0c8aa
d93d7a31-2630-4f47-bede-16577023f9af,c7e317d7-c16e-4612-81b7-efd861e60df5
d9568df1-afc8-4c37-9adc-4a6adac35bd1,6e08a6c8-6d39-4ae2-8969-d4ade813f4bf
d98af13b-d908-40e9-8ce5-e5d7af72f9ff,4f14f20e-5f75-427e-a27d-57fccc9e4658
da1d94db-3fb8-4ef6-8f1e-ac3ab038c5ce,20bf27c4-3625-4d84-bcbf-a16161aa0c72
da260a6b-cc4e-4203-a45e-bd0b1d68ee08,ee9cef52-61b4-43da-80a5-e50f13b14ee6
da30ed2a-395f-4688-855e-c2c2d50fbc33,475d3764-405d-44fc-bf56-a2bdc4723a42
da7098b2-9354-458e-b17b-48315a04666d,c97a15ca-4d64-4e15-9fef-44c452bbc63d
daa63129-f569-4fb8-8f13-85d0ace967fc,24cb7b2e-5176-4d48-a29d-148edf933bc5
dab5e95b-4479-4d90-ad92-2ac49d42e772,65b7b7cf-0183-4614-8d45-0184e0e98de5
dab9b1c8-bc46-4b04-b868-b32cf7817517,e67300bd-3b66-449d-9e56-a13cae2df8e4
dae01bfb-3faf-42ab-99af-c379055c98ca,3f61a4f5-0019-4fe9-9fb5-b1d30d81f5d0
db1048bd-c7cb-410a-8f82-072a34a1681c,462efa2b-aabf-447b-9f36-a6979bd4fc3b
db3a6f03-886e-402d-b6c2-ae000f01bd3c,c7b58979-e243-4f2f-9008-03ab33b66d9a
db747f0d-60ed-48c7-a423-2e9462094bee,774f0b7b-8716-4490-87fe-cc38f168972f
db91602e-7dfb-4f69-bef8-8de3a2fbea13,59cc4569-d3fd-4c4b-9d7c-86ccbc6bacdd
dbddeadd-d219-4e38-a394-7c33ec7d336a,bf72ee07-174a-4688-9411-ac4cf67ff4ac
dc57a94e-3fff-416b-9446-987a6472b2bb,bb4a41dd-c764-4140-9bd9-814bcbee7c42
dc977ef8-cf96-426e-a2a7-f86f431b6903,79c60975-10d1-412e-a03d-264aaf5cea31
dcdc6880-fe89-49b6-ac18-55e99f02d8f5,9f9ac7d7-0ae2-4ee0-af1d-729fd04d2be8
dd221f1b-cf59-416c-8042-51a85af82d2f,061dc286-b1db-4753-93d9-d4940526c6ca
dd74e658-d697-4dbb-b425-5fd0c7ed59d7,54221e7f-cd60-4487-8601-3f102c0fa0bd
ddc4e6a1-a38b-4104-83c6-c06d5095fc9d,e387f2a9-f0bf-496e-be85-27a69e564d05
ddfd1613-2d38-4f4f-b568-539a70f22edb,7936463c-826b-49c0-9fb0-5c6d7e6392df
de2e0e9b-efdf-42eb-b282-7294e064787b,c5066218-b1a0-48e7-887b-f9d7f8f9aa43
de5048dc-4291-4c2e-b0ef-04fb983907fa,addf7c71-3867-46bb-8917-bf7f2f633ac1
de6b8738-ec63-4e11-b434-a7fcef8c269c,e938b11f-f594-4558-b97d-5e45ee6cc11b
ded8a281-f003-4626-8f23-bd0084885902,98146201-5d22-480b-8390-f10c9338bcef
df1befab-c75b-4ba3-b0c4-5c9dcf2526ba,4ea12468-b137-4dc0-86ea-87895289333f
df1dc2ff-9bc1-497c-bb44-a875baa1b6c4,0e35e516-479f-40b0-872a-f807451d7b29
df4e7a2c-aa76-4126-ac14-060d09165649,39aa50d2-7332-481a-a081-228df21ccc3a
df6713e3-b800-4801-b9a8-17c3b8652f97,2210a8d5-a27b-4f5c-90b1-41a05ff724bf
e06961e1-0dc6-4dd6-8727-d31eacc36a21,5ed9b61a-6610-4039-a0c1-29f8915d9057
e134b3ce-18e0-43b7-a33c-f5bcd7cdba5b,18e752ba-f0bf-45e5-b194-dc41e877bf47
e196cd39-09df-4be3-9428-1d526e6323c2,d0d083da-2c54-4569-b5ec-ce0d2c0090eb
e1cce2bc-c5ea-44cc-8342-ebdc348b020a,6f859894-780f-4038-9c86-96f2626cde82
e24033de-6ea7-4c41-b211-a9a3ef4d840e,74362326-d9a6-46b3-ba57-c422f30d7879
e2587aab-a92b-4f87-9ff9-be836fecfa14,695ba727-00dd-47e5-a9f1-10991ff30cd7
e37d7810-1df5-4ab4-824d-1040b0a376d9,3d532617-d2c8-4fa2-acd3-5cb3c6c12bc2
e37e6e07-4fb6-4225-a4b8-6ccaf53adf7a,0eb330c2-dbfc-4097-809f-3c79c48a1f47
e39c1108-a2e8-4041-ab60-753cbd22b538,701c0c57-575d-4231-bda7-426c5d6e9f6c
e3c62e17-538c-4edc-b6ce-dd4f76e807a7,db2eb27b-fac0-46d6-9535-640b1595b451
e3ecec15-bee0-40f2-9221-2e325e928ec7,ce0b5961-9884-4619-b2f4-01a5a806493b
e5988878-9d26-418b-96b0-555ec4ba89c0,7ea18dc6-05a8-4b8d-8e59-28b41b336111
e643633c-c890-4ed1-a256-2a1a79e176ec,b1b264d8-b983-4b79-a5e3-718df0d63b92
e6518b0a-59c0-4a77-a6e1-ebafa4b97d60,962c5f38-10a5-40da-883a-d51cbfb0e1db
e6aa36d6-57a7-4b55-be97-6c70ac2ccbcf,a23facf3-c097-4256-ac27-4bc8c5a2e939
e6e77e1d-9fbf-45be-935f-d6db270df105,47105f7a-3f32-48ac-922b-a7fd533dac43
e6fe9aa6-41b4-4f59-932d-5e5349c6e037,c74870b0-89de-453a-9b85-86f0f4e4cd9f
e733c859-3110-497f-984d-96dec02b58c3,b95d3d7f-3717-49a5-86a1-ff1355659c4d
e73b4ab1-0215-4a67-9fe6-d77e1339e838,a1b39eff-e2bc-4db9-89a2-370555d771ba
e779b324-3e0f-41c5-bf6b-c087f595c690,1183a0ae-570d-43fe-9cfa-81813142c06f
e79cae3c-967b-4ff7-984f-c2f8fde10df7,6cbb4465-2c3c-45bc-b2f7-f68b41d6f32a
e7a0eb1c-7e0c-4bbd-9023-d2c91ffa2d99,23536f2a-4a0c-408e-863d-d79072b53b99
e7fc1997-b441-4aaa-8d58-3727fc7174d9,11c53890-aa17-4c3a-a8b6-cb247739aa3a
e85e3bc6-23f9-4a1e-9e40-a9b08191858f,dc20191f-7453-417d-9c52-979ca8802d35
e85f71d7-8e0c-479d-a587-4f0cc85a62cf,8314e66e-11c4-45e0-a6c9-9d7b0c1233e9
e8730d4d-c75c-470d-bb3a-e7a0d4243b5b,b47a615f-8c04-4b74-afba-ed6490810a31
e879520c-268e-4b23-87d8-b1c2277d878a,5730e826-8f7e-477f-ae6b-f3239fda5bf6
e8c3e81d-7f50-44ba-9b9e-bcdeeb59281f,90a38819-9769-467a-a00b-8825d499a7f7
e8e51f8b-74ad-4e54-8a80-4feb15816fac,75dad9c1-2c3e-4399-8519-9e9f276f909d
e8f1ae0f-0d75-4314-8f13-a7692662c282,56d783a0-25ba-49d0-95c5-e5b22e0cbd1c
e96f47da-64e8-4e17-9cdc-4200bc03d115,a7a3fb71-6380-49db-80a2-2ea38e141a84
e9901949-b3f7-45a5-b59a-b370f0688d3f,ca0f2fd0-88b6-41cd-ad8b-cdd6d2af7b1c
e99c2bdd-363f-4eb1-ac6f-91d4acfc2f3b,90e80119-8979-4b7a-82eb-444b8a1e5284
e9a8a26b-545f-4f2d-9d2d-6e62a3ae754f,fb658c3d-c98d-4a9f-a98f-0d717d13e9a1
ea304ae0-ce70-4522-b81f-5af94ca5b004,455deff7-9789-4dd9-bc29-0237c3f7676d
ea3277cd-f384-4070-8ecf-7e7a11f6d468,8bb27151-7148-483a-a342-c1c405727a56
ea3eee7d-3e5a-4be3-be4c-e3c1e0971535,2bb4bf12-f606-43f3-9a7e-d601582c57cf
eaa9f029-94f4-42b8-a8f2-b55ee76d121a,a78da1a5-51d7-4654-831d-ca2b4c158a63
eadb69b9-ec50-43a8-adf3-a1cb6b0a3802,e1697242-c551-4202-a4ce-7ff40895fd8f
eaf8029d-92ff-4b40-acb9-96c6ca04fceb,c3a3c094-7d69-40e3-a3cd-f03bef7d6068
eb1486e0-300b-468b-88ce-c7070c47a933,e184fbfb-daac-4b53-9309-6a2e26f525b9
eb5d072c-0c12-4780-a817-6057b9cd39d7,e80fb74c-040d-42a1-8585-41ab1acefbb6
ebfbf8aa-f31c-4c61-8128-3356fe9c1373,b9b99236-b804-4301-bf0e-1c3505742cfc
ec047f0b-19f5-44d2-acae-72e1e27a4b14,aa7ec0ba-80e5-4f13-8731-f5da314ebec5
ec186aaa-b7c8-4a0f-b30d-a5465c06ba5d,176463f3-769e-4e13-8026-2acee42441b4
ec3c53b2-6314-48ca-a3e3-f24e52d11421,dad29d47-17cc-4fff-b16d-c618b9b52b5f
ec5694ff-7d27-4136-9c5c-92426f6c5294,8e0d10ef-dbbb-4d1a-a4e9-960ee6854a28
ecaf0bb7-3192-4009-aab0-8487676371d8,9357879b-5c8d-435b-a90e-677e65084dcb
ed4721ab-efb1-4f93-b4c0-1abaa4783056,9341e56d-0984-4127-ba01-89356b07ed86
edf22be9-cbcf-4dd9-ae72-cc4134c271fb,987e6e0f-19cb-4cf1-b4f9-b3446e8bb9fc
ee2f4e4d-83e4-4e7d-82b3-f3b3e104f2c9,c7e4c5b4-f604-4624-acd7-ca672724e79b
ee3045ad-acdb-447c-bdba-8e703ed2ebf6,47c27abb-4ebf-4717-b0a8-b45c81854af6
efc0d31f-12da-40db-916c-a5e5ccef8505,e5ba928c-c241-4c97-a6c3-bb9dab47fb5a
efe08b6f-ebad-4b40-8ed8-b44bccda38db,2fa022f6-8e2d-4e27-97fe-5d09beb7bc43
eff98369-682d-4f27-bb1c-98c5146340a7,9777fc67-75f0-4a03-880f-fdb8fd98b8cf
f0162813-e336-4446-ad81-5e2189a48b4c,6477a568-c5a6-4316-9b05-26beb65b661c
f017ede5-5301-4087-9d87-c9dcb0178f70,b227e8c0-49c2-46bc-b166-85f38ca8af9d
f01d33fd-5d85-479c-aae9-e9b2dad48306,7d7a8b87-f7d3-474c-8d2a-2e996be64e79
f0567b6f-79dc-4327-a0c6-30f0d3598d6d,f1f20e39-0394-4613-8405-a3a7ff80f426
f07a09fe-ca88-4381-9e86-3134d3ff7841,bc2d8358-a862-41eb-9cc3-65369498f4d6
f0c49ea3-130c-4436-b2a8-18e98b2a0fc5,5ae76d70-9327-4c54-971a-22f3f9d29f2a
f0ce5deb-720f-4e23-aed5-f162b93b4871,0ba2d30c-3c9d-4260-9677-e81fa7fc913b
f100f172-e37c-43db-bd13-548a77faaa79,a97e9ee2-4850-4bd1-b96d-f09d4b42d4d4
f10da8ca-b51f-4d79-9c7f-7a469b17d609,2af11309-4c02-4f39-af17-6cdfdebb264e
f122c5d8-dfdc-41e6-ae0b-854e7ada1c7c,4c37d435-a14f-4359-a422-c1e362e1849b
f13a80e9-8ec0-42cb-8511-a2d18d275de5,2f3c1a9f-3d3a-400d-9b1f-246aff5585f7
f16bc093-2cc7-4e22-bcbf-3049992b7f16,619d818a-dbc2-4d17-8f59-a56411855da7
f1860fae-ffde-496a-a431-4f35c2387cb1,1b6635da-36b0-4e63-87cf-bd7206895940
f205a8ad-7a46-4f16-a215-c4f81614932a,954629a6-8cee-4ce3-a006-acd2b8cc6ce2
f20aec49-930a-43f0-b36d-d06d6c4ba734,8b232d66-f7f2-4855-aa89-412cd268aa6f
f22908b4-4bd0-4f24-925d-cd507beaee39,9828c836-d8eb-426f-bec8-14bc290bce40
f2388af9-c78d-4322-a4ed-4af44ed11006,eda754c6-cf41-45f1-9a4a-c9135aa1fdfe
f307ed66-dfc7-4df1-a900-c1a9378bd446,cafe29dd-36b6-438f-8c0c-a241cd42547d
f3a4bb87-1fe1-4b60-a837-6fa667020807,dcf386b6-09a6-433a-851e-4bc5f3019280
f450183a-0a00-4b93-b4b7-75ddb7458397,6dd5da91-be4f-474c-97c0-01098c3028d5
f4607210-ee48-49b8-b36a-e038197f698b,65586bb3-94e3-42e7-afd2-abac44f78d37
f4823f3e-a785-4bf2-bfd1-cd29b6bb060b,2ec6353f-9652-4e81-bcea-83c8963ca2fa
f51d3b36-d3ee-4b1c-a912-7f445cc33b9f,49b680d5-0f24-4359-adb2-e8ddcbd6316b
f54e82e5-b3dd-4406-8dc9-aa3610fa83c2,f0d850bf-8c95-471d-a7fb-b91be0251e82
f5523be2-95dc-4fbc-b479-ac20202f4348,9a7e3e56-8eeb-44d3-8881-8f1bf31bd65c
f596cf56-22fb-4d9c-851c-6e6df53a0af1,a5fe1a37-0376-4710-96c9-d6e1a0941411
f5de3d96-549c-4448-bc7a-67c40695ccc5,ba364821-1eb1-4afb-a644-a16e31990053
f5f1d5ac-cc65-49dc-ae18-65ff82e11ab4,7129bafc-10c2-4f38-bd80-16d794e5c05e
f621f6dd-756f-41d5-8e75-14b7d867899c,4f5398b7-7531-4dcc-aa98-6b51f1c851c6
f6378851-7375-41ab-9e5a-34112fbca009,3c3bb765-5868-40cb-8762-0576e7d41a99
f643ce72-014a-43bf-a468-581fd712c9c9,bc505d81-3275-40f9-9a74-3d83808ff932
f649fec5-1586-4083-97d9-65d9e1821876,b72c9ef0-3dbb-456c-b329-881fa8cd1fce
f678c420-da69-4e6a-a02b-d91a3b1b86aa,19c1a9f6-ced2-4353-8d50-0bbf788f82bf
f6b0d329-0b79-4821-a4fb-42b4cf54b6a4,a5b8958e-5b1b-4371-a986-6704c665c10c
f6b13df5-1695-438d-b7a0-fba680c1810d,127b2b32-a65d-42ca-84cf-3682d4e2f06c
f6c10ab6-8707-4698-b70c-5dd5c2fb88f6,edcd4f51-01f1-4dc8-8022-261256d878d7
f6fd22cf-f541-4655-bfbd-98aff5651926,730b2867-85d9-4bd4-8409-45c174eeb25a
f7382e89-9a32-4f6a-b6d0-e3d626188fa9,b81abe5b-7ca7-42e2-b51c-7b501ae9ef3c
f78758aa-da9e-43f3-9fdd-785ef5c9de2f,ca94bbd2-e5bc-4b14-be5e-28dbbf7d8f06
f7c46cdb-8e2c-4a25-877e-afe78e9c73f7,6a25ed21-589b-4ef3-8cd3-51b5749af010
f7d0d1c9-d485-4b62-8420-78956665849e,6920a5c5-8a70-45a8-901a-081f02c6580e
f826bffa-9e25-44c2-948b-33738fd2a0cd,49a432d2-3dca-4487-885e-3f40ca5fe6eb
f89e450b-6bcb-4f8d-a767-3c8969946ed4,579b815c-76fe-4331-b167-0b4671d65b31
f8b88199-1f30-479e-8d3a-3dd730f4ecaa,152d9fea-81b5-4da7-a720-e925ac4e9016
f8bdd64e-609e-4763-af6d-e56bf21ac95b,aa5da884-2a35-48bd-bb02-2514712b063b
f8daaf6c-a122-4921-9b2c-a80ec0567bcd,248a6b3b-2aa4-45f2-b080-6d5f36a69e2c
f90314be-eb7e-4ff0-baa0-2f38b044df8b,07ac6615-ae14-485d-8987-6e110361fac6
f90fa03d-912e-49c2-8183-7aff86b39299,007ce489-229a-4518-ae31-8f87ebaa653c
f9995821-42a3-45b2-a00e-4e6d6ed349cc,e918fca4-4d36-4313-9951-16bc823aebbc
f99f2484-176b-42d6-bc81-45242ba52a69,b02850d2-0fb3-4ba6-a2a6-fba20a1949a2
f9a4f023-a0b8-42b1-903e-9745ef622df4,04e798ac-9617-45c1-892b-6b63b4cd6c7d
f9a96625-b58a-4cb2-a226-e11d55283f4e,d10d70c1-b971-4768-80de-be24d4272a5f
f9b835bd-e032-415f-b6d5-5b31e27c5385,6ee8a99f-4f99-45ac-b773-66ba11521dcf
f9dcb214-7f20-4350-9dba-11c34adc00c1,cec3665c-0676-4a89-a5fb-26f2d9a80ee5
f9fb0024-23a4-4535-8402-6c7d7be5f89d,998ff24b-d802-448d-9462-51065d7ef206
fa3164bb-9ee9-49c5-a1dc-b5c7ca18ee63,bc384895-8a3f-432f-a42f-5dc5402672d9
fa357b8c-aa3d-4049-97de-20c6a98b43c4,b89453b3-de07-4033-88b9-3810c7b22d8e
fa6cc69a-2fee-46ff-adf4-71b36d18ccef,2a7c0487-18a7-466c-9098-5b056506949e
fac3e3c9-388d-47c0-be34-b2ec694b4110,cfdec76f-5c8c-4496-bf48-94619ac365ec
fba362b4-5496-4942-bc2e-97721781d344,5666220b-a91a-4819-9621-9d0c30b8694b
fbc776f1-3eb8-4795-b92d-79c86e9b49eb,336d2c09-47ae-4ffb-b485-1b76101ec367
fbf45623-1720-4e32-841f-dc68f289d6d8,aa7ec0ba-80e5-4f13-8731-f5da314ebec5
fbfddc7d-cd14-4343-9fe2-9d879c7c9740,06223ee7-1228-455f-a63f-53f366c44f9b
fc379ca6-d3df-4d68-80df-7f7d6d3669ff,833bed04-1821-4ed5-99fc-4f428949547d
fcf94e70-d51e-466a-ab78-a358a8793043,eb496be8-a4d6-4a61-9c76-f6f7f2a30c96
fd0c1098-9b26-46e5-b894-dae80ddea004,1de1638d-ba11-4f4b-a9db-c19708fc65a2
fdc2de2a-1ad3-4eff-9c95-004cab51f9f7,93a38077-2602-4be7-be66-bb802e0614b6
fdc44045-0c51-41e7-940f-6a859cd4e93f,ebd97f75-ad6f-471d-bd88-46fd230ac924
fdcced9e-8d8f-4403-b182-1c4187bcb88d,268cc18a-1460-4916-a349-267ba8b49bc0
fdd6bcff-17eb-4300-a126-cd76df482936,1ce764d9-d081-4092-b9bb-1b7b2b741caa
fe180ebb-b98a-4a84-886f-278b7542f2ad,8edb9a5b-a213-45f3-9d55-280051b546e2
fe3263ec-d6e9-4a49-a429-dc7fd8637514,f2e57413-e05f-4bc3-a889-84735780be4f
fe864904-45f9-4d98-9069-6f2ab37385a8,ddcd8976-8289-4cd9-b7ed-ca1edd3be3b3
fe901810-72d0-4378-8a0a-47da432bf3d9,eb96bb86-323c-4617-aedf-f75dff4896f9
fed7cdce-0597-4443-a58f-f4b22fb42701,5639aed5-9e5a-46b4-8826-e3aacc17eaa2
fef5a9f3-ed68-4ea9-92d1-cb5322260bff,e7f9468f-601a-492c-bc45-478b565d966a
fefb3475-63da-4e38-bbae-d873230e68e6,c2c066a5-874c-447d-adb6-b38b815e1812
ff07f6a1-bc6b-499c-84a0-804465dfda53,022846ba-a0f0-4513-9f96-976e6c1f9c6f
ff135d2f-9083-4d9c-a5a6-707d8e3693af,8d3db6ea-7fec-4c73-88f4-76793c4a427e
ffe39f14-19c2-4ef1-ab8e-486c7239874a,75f57456-dcbe-44cc-90ca-3d7dc084e58b
69c46fce-5964-4f30-83ef-eacbb59789ca,9009ad5d-dc4b-45cf-844e-4e1dd6a178ff
86cb517c-dd90-4dd5-bb8e-320d00b8596b,e9568b6f-45db-4cee-af09-dd29b55bb700
60eca6dc-f210-4641-abf0-50b7a1fbc19f,6b708794-ee87-40fb-a094-10d5cc858532
a09e79f8-97ec-47e5-a802-20ab42feef91,fc927c32-de6e-4da8-827a-88d148870b52
86afe4ef-b733-442e-9f49-a2e3eb634aad,328af3ff-f737-4031-92fb-f971b047a905
4c6c9023-d876-4a6c-a790-d35727d37cec,10d2804f-8dfb-4fd5-b7ba-3c2adbf3a388
ebf64fb5-c46d-4fc8-bdd5-610e035434e6,345af776-0f0b-4862-87ca-ca303c68c7bd
3e28aa9d-a6f2-4356-8a35-8e47943844b8,84b70771-ddb1-484d-b8bf-fe4b16ce4fbb
18304c14-6013-4e01-9efc-6da21e3221f6,c56940ab-43cf-480f-a3cc-30495356e9b2
d22d9d26-ab76-4dc5-a42f-6eb2897b4cae,6c8e798d-d6db-4e69-957f-4999bcefef6b
9fc56355-c753-4bc6-954a-4efac202d6ea,a4fc1f58-fb42-49c2-91f0-daa4cd7f3bc9
22f40156-5747-4081-9607-f31750dda0dc,75fbb45a-8518-4d6b-bc71-da06647bdbca
54612242-081a-474d-b07c-c332d69b5206,ef4858c6-1e5d-4ca1-bb65-074ba98f4ebe
1c4b2eff-ea07-4bf3-8519-f30f8ea430c2,8560a3ec-dc58-4c7f-baf4-c65cf3fdbff9
cca4f34e-8543-4417-bd00-007b2a2bc0ac,22d829d2-5767-41fa-92bb-d275775e416a
ea268357-6a68-4cfb-aa49-e5b855aca534,d83a5a97-5197-409c-931f-3c7af703e8cd
6f67e101-a6d3-4e6e-86f9-bead657024fa,417847c0-adba-4aaf-b012-5e6df6190cc6
6e4976f7-b0cf-4123-ae3a-b5f08f7e7609,f1c423e1-e714-4a19-b3ce-9c7e29c6de88
0a13a105-a246-4342-b7ce-56c0a6ce519e,8a483dc9-ffdc-47d9-bda3-15a578c58521
24063789-dc84-43e8-8a8b-dfa552da43cb,1115be8e-b406-4c0e-a56e-e257ca7f0dac
79aab777-4ed2-481e-91ce-bb756b92464b,5032325c-df1b-4d44-bfd9-f4863e61d9ac
a7d61a43-f8aa-4d9e-92c4-c4789351f162,c29729ca-56ab-4182-92cb-993545e17c4d
8c65e7d0-6e5f-4736-abc6-26f16dc692c7,656a07d6-c1ab-4abe-81d9-fdc424d370ee
0dda6fd4-9211-4482-87c1-f994ef046f5a,4dc82997-b78a-4d2f-9222-7d91acb3ab98
6a69ec4a-48af-4837-92fa-6e9f223f9ad5,1ffb23b4-43c2-41a3-88e5-10bf2aa0616b
258e3996-8bcb-4055-afb0-c729ebf2d08f,2eaa442c-c384-481c-a540-2dcdd7a8583c
42b8ff80-9398-4b82-98e7-111b030b3d15,bb95201c-09f4-459d-bf43-95816049d485
be46c4b3-81a7-4987-8a61-17827584e868,6dff01db-4757-4a22-97e7-c7ba58ed37d2
e450e9d5-4ceb-4fd1-8799-b88229ea5d2c,1a944b3f-be92-45bd-83ef-6fa9b0ad0a85
f2f66bbf-3c76-4279-9f1d-1b5fb887a111,1afe40ec-0d57-4d19-90d2-24d7e1d06081
0e95afad-9423-44d8-90bd-9f8ce03b3b4a,8661c564-17d2-4886-8580-24fe80e6f9ab
af87874d-59d4-4bfc-82fc-f6c4d9e90dfd,acec6406-fbbc-459c-acfb-d5e2e6e2bc6b
9ead0020-67bc-4ebd-a078-bc2e4fcb9175,49c97dad-a526-442d-b03e-d187d2389eaa
abb0a717-e835-4eb5-afe2-761a3d2d3b5f,5c1b2453-725d-4e3f-893b-d235fdf37583
623163c2-715a-458e-8c71-ef9292b21d1b,27f64d78-e608-4b27-8d57-2e2f9c308756
90ecc32e-4c90-4990-8570-9c5a65da00c2,7657df18-6dd6-43d2-a542-9e83a98f38f8
3c50fffc-0b35-4a99-baf0-cdfdb316f5bd,86c88a8e-ab3c-4403-bdef-c17995a2c34e
ef97384f-76b6-4600-92e7-9928a38e6a09,e65feda8-9b8a-496b-a939-ba415a8ab855
088efb03-ab8b-4a7f-b22c-558f5dc56e7f,3a45bcd2-0e64-4827-bdb8-4a852eb1c0b0
1214a78f-c995-48e5-afc9-fd112a336099,cefbd9f7-c471-482c-9fad-ec1f419bace7
807459af-9794-48a4-83c1-3b4fa683bc5b,b649d50f-088f-4017-936a-c6aba015e186
057f62d0-a5e2-4137-99b4-68ce26d030a1,7c6d2e5b-3d0c-4f49-baa8-b262f9e263e4
892e6d34-d493-4f49-b0e4-c3fc5466bc4c,62846a6b-48c1-405a-a2b9-89e0afc75378
9865b4bf-2e0c-4bf0-b03b-d67f6312ca10,f8c7b892-6e74-4347-9038-ec9bdb03aa28
fbc18376-b93f-4926-97e9-344b83dd21d0,0ec05465-ac1a-49f1-a537-796f11a2c7f2
12185c96-45ed-4ba3-a6db-96be9da93e37,ad99fc8f-0bef-43d7-9cf8-52dfd84e3e3d
00392832-e9cd-4678-a1dc-a0139bfb5e2b,7ada99b9-e8a7-4175-8dcd-f1ea22605dcd
7774d929-6126-456b-8f9f-5e09e7686679,795b85ce-39de-4121-9b72-4ecfcc585257
594356e6-6399-4a2c-a5da-8e6c2132b119,5d81af67-3329-4b16-8663-b6b607972e7e
ee3961cd-dd8b-4bab-a660-8093f8d9968c,1a3537e6-44c7-40e8-a1be-a2fd7ab5ec38
7a4df935-9160-44f2-9148-b3d162b8f76c,8d0a73ad-f256-4195-bafc-d5886814b070
d7f55129-805e-42de-883e-46bd838a641f,80c2884a-5cf5-435b-b787-8d258f1a7a3f
92df9193-a67e-4ffa-8622-a54733f0e729,bfd03553-a6bc-45da-b1a2-da1a3f15cf1e
4b7ba51c-a59e-43fc-9752-4c667dd5a62a,d76dc4a8-64bf-40c1-81a1-c557c70a4348
d7284ca8-b68d-426a-8fb9-d2e28217b855,ad0aabaf-6a82-4577-8e89-ac3f232e6da0
e8da8848-0ed8-4c62-aa25-a12bdad91dd1,cad162d2-75a9-41a9-a2c7-28c00a409c8e
8d41398f-9742-4a05-945b-b13da2973c87,95a1f135-c8ca-4af0-b7e7-df34d0cc21cc
a75fc013-17df-44e2-a4c8-ee63c2477d79,591ab734-37b2-4822-95d1-7f5116ad9388
984cb5ed-88c7-4662-9add-263f351700d8,db1a6983-9d4b-405a-ae36-001becb1a3db
e45ab4f6-2b56-46a9-812b-a248d2c6414e,096badbd-4a1a-4864-8bcd-155239a680aa
